rc_id,status,task_ids,tags,evidence_required,evidence_links,notes
RC-0001,OPEN,,,YES,,Initialized from binding specification; not individually proven DONE.
RC-0002,OPEN,,,YES,,Initialized from binding specification; not individually proven DONE.
RC-0003,OPEN,,,YES,,Initialized from binding specification; not individually proven DONE.
RC-0004,OPEN,,,YES,,Initialized from binding specification; not individually proven DONE.
RC-0005,OPEN,,,YES,,Initialized from binding specification; not individually proven DONE.
RC-0006,OPEN,,,YES,,Initialized from binding specification; not individually proven DONE.
RC-0007,OPEN,,,YES,,Initialized from binding specification; not individually proven DONE.
RC-0008,OPEN,,,YES,,Initialized from binding specification; not individually proven DONE.
RC-0009,OPEN,,,YES,,Initialized from binding specification; not individually proven DONE.
RC-0010,OPEN,,,YES,,Initialized from binding specification; not individually proven DONE.
RC-0011,OPEN,,,YES,,Initialized from binding specification; not individually proven DONE.
RC-0012,OPEN,,,YES,,Initialized from binding specification; not individually proven DONE.
RC-0013,OPEN,,,YES,,Initialized from binding specification; not individually proven DONE.
RC-0014,OPEN,,,YES,,Initialized from binding specification; not individually proven DONE.
RC-0015,OPEN,,,YES,,Initialized from binding specification; not individually proven DONE.
RC-0016,OPEN,,,YES,,Initialized from binding specification; not individually proven DONE.
RC-0017,OPEN,,,YES,,Initialized from binding specification; not individually proven DONE.
RC-0018,OPEN,,,YES,,Initialized from binding specification; not individually proven DONE.
RC-0019,OPEN,,,YES,,Initialized from binding specification; not individually proven DONE.
RC-0020,OPEN,,,YES,,Initialized from binding specification; not individually proven DONE.
RC-0021,OPEN,,,YES,,Initialized from binding specification; not individually proven DONE.
RC-0022,OPEN,,,YES,,Initialized from binding specification; not individually proven DONE.
RC-0023,OPEN,,,YES,,Initialized from binding specification; not individually proven DONE.
RC-0024,OPEN,,,YES,,Initialized from binding specification; not individually proven DONE.
RC-0025,OPEN,,,YES,,Initialized from binding specification; not individually proven DONE.
RC-0026,OPEN,,,YES,,Initialized from binding specification; not individually proven DONE.
RC-0027,OPEN,,,YES,,Initialized from binding specification; not individually proven DONE.
RC-0028,OPEN,,,YES,,Initialized from binding specification; not individually proven DONE.
RC-0029,OPEN,,,YES,,Initialized from binding specification; not individually proven DONE.
RC-0030,OPEN,,,YES,,Initialized from binding specification; not individually proven DONE.
RC-0031,OPEN,,,YES,,Initialized from binding specification; not individually proven DONE.
RC-0032,OPEN,,,YES,,Initialized from binding specification; not individually proven DONE.
RC-0033,OPEN,,,YES,,Initialized from binding specification; not individually proven DONE.
RC-0034,OPEN,,,YES,,Initialized from binding specification; not individually proven DONE.
RC-0035,OPEN,,,YES,,Initialized from binding specification; not individually proven DONE.
RC-0036,OPEN,,,YES,,Initialized from binding specification; not individually proven DONE.
RC-0037,OPEN,,,YES,,Initialized from binding specification; not individually proven DONE.
RC-0038,OPEN,,,YES,,Initialized from binding specification; not individually proven DONE.
RC-0039,OPEN,,,YES,,Initialized from binding specification; not individually proven DONE.
RC-0040,OPEN,,,YES,,Initialized from binding specification; not individually proven DONE.
RC-0041,OPEN,,,YES,,Initialized from binding specification; not individually proven DONE.
RC-0042,OPEN,,,YES,,Initialized from binding specification; not individually proven DONE.
RC-0043,OPEN,,,YES,,Initialized from binding specification; not individually proven DONE.
RC-0044,OPEN,,,YES,,Initialized from binding specification; not individually proven DONE.
RC-0045,OPEN,,,YES,,Initialized from binding specification; not individually proven DONE.
RC-0046,OPEN,,,YES,,Initialized from binding specification; not individually proven DONE.
RC-0047,OPEN,,,YES,,Initialized from binding specification; not individually proven DONE.
RC-0048,OPEN,,,YES,,Initialized from binding specification; not individually proven DONE.
RC-0049,OPEN,,,YES,,Initialized from binding specification; not individually proven DONE.
RC-0050,OPEN,,,YES,,Initialized from binding specification; not individually proven DONE.
RC-0051,OPEN,,,YES,,Initialized from binding specification; not individually proven DONE.
RC-0052,OPEN,,,YES,,Initialized from binding specification; not individually proven DONE.
RC-0053,OPEN,,,YES,,Initialized from binding specification; not individually proven DONE.
RC-0054,OPEN,,,YES,,Initialized from binding specification; not individually proven DONE.
RC-0055,OPEN,,,YES,,Initialized from binding specification; not individually proven DONE.
RC-0056,OPEN,,,YES,,Initialized from binding specification; not individually proven DONE.
RC-0057,OPEN,,,YES,,Initialized from binding specification; not individually proven DONE.
RC-0058,OPEN,,,YES,,Initialized from binding specification; not individually proven DONE.
RC-0059,OPEN,,,YES,,Initialized from binding specification; not individually proven DONE.
RC-0060,OPEN,,,YES,,Initialized from binding specification; not individually proven DONE.
RC-0061,OPEN,,,YES,,Initialized from binding specification; not individually proven DONE.
RC-0062,OPEN,,,YES,,Initialized from binding specification; not individually proven DONE.
RC-0063,OPEN,,,YES,,Initialized from binding specification; not individually proven DONE.
RC-0064,OPEN,,,YES,,Initialized from binding specification; not individually proven DONE.
RC-0065,OPEN,,,YES,,Initialized from binding specification; not individually proven DONE.
RC-0066,OPEN,,,YES,,Initialized from binding specification; not individually proven DONE.
RC-0067,OPEN,,,YES,,Initialized from binding specification; not individually proven DONE.
RC-0068,OPEN,,,YES,,Initialized from binding specification; not individually proven DONE.
RC-0069,OPEN,,,YES,,Initialized from binding specification; not individually proven DONE.
RC-0070,OPEN,,,YES,,Initialized from binding specification; not individually proven DONE.
RC-0071,OPEN,,,YES,,Initialized from binding specification; not individually proven DONE.
RC-0072,OPEN,,,YES,,Initialized from binding specification; not individually proven DONE.
RC-0073,OPEN,,,YES,,Initialized from binding specification; not individually proven DONE.
RC-0074,OPEN,,,YES,,Initialized from binding specification; not individually proven DONE.
RC-0075,OPEN,,,YES,,Initialized from binding specification; not individually proven DONE.
RC-0076,OPEN,,,YES,,Initialized from binding specification; not individually proven DONE.
RC-0077,OPEN,,,YES,,Initialized from binding specification; not individually proven DONE.
RC-0078,OPEN,,,YES,,Initialized from binding specification; not individually proven DONE.
RC-0079,OPEN,,,YES,,Initialized from binding specification; not individually proven DONE.
RC-0080,OPEN,,,YES,,Initialized from binding specification; not individually proven DONE.
RC-0081,OPEN,,,YES,,Initialized from binding specification; not individually proven DONE.
RC-0082,OPEN,,,YES,,Initialized from binding specification; not individually proven DONE.
RC-0083,OPEN,,,YES,,Initialized from binding specification; not individually proven DONE.
RC-0084,OPEN,,,YES,,Initialized from binding specification; not individually proven DONE.
RC-0085,OPEN,,,YES,,Initialized from binding specification; not individually proven DONE.
RC-0086,OPEN,,,YES,,Initialized from binding specification; not individually proven DONE.
RC-0087,OPEN,,,YES,,Initialized from binding specification; not individually proven DONE.
RC-0088,OPEN,,,YES,,Initialized from binding specification; not individually proven DONE.
RC-0089,OPEN,,,YES,,Initialized from binding specification; not individually proven DONE.
RC-0090,OPEN,,,YES,,Initialized from binding specification; not individually proven DONE.
RC-0091,OPEN,,,YES,,Initialized from binding specification; not individually proven DONE.
RC-0092,OPEN,,,YES,,Initialized from binding specification; not individually proven DONE.
RC-0093,OPEN,,,YES,,Initialized from binding specification; not individually proven DONE.
RC-0094,OPEN,,,YES,,Initialized from binding specification; not individually proven DONE.
RC-0095,OPEN,,,YES,,Initialized from binding specification; not individually proven DONE.
RC-0096,OPEN,,,YES,,Initialized from binding specification; not individually proven DONE.
RC-0097,OPEN,,,YES,,Initialized from binding specification; not individually proven DONE.
RC-0098,OPEN,,,YES,,Initialized from binding specification; not individually proven DONE.
RC-0099,OPEN,,,YES,,Initialized from binding specification; not individually proven DONE.
RC-0100,OPEN,,,YES,,Initialized from binding specification; not individually proven DONE.
RC-0101,OPEN,,,YES,,Initialized from binding specification; not individually proven DONE.
RC-0102,OPEN,,,YES,,Initialized from binding specification; not individually proven DONE.
RC-0103,OPEN,,,YES,,Initialized from binding specification; not individually proven DONE.
RC-0104,OPEN,,,YES,,Initialized from binding specification; not individually proven DONE.
RC-0105,OPEN,,,YES,,Initialized from binding specification; not individually proven DONE.
RC-0106,OPEN,,,YES,,Initialized from binding specification; not individually proven DONE.
RC-0107,OPEN,,,YES,,Initialized from binding specification; not individually proven DONE.
RC-0108,OPEN,,,YES,,Initialized from binding specification; not individually proven DONE.
RC-0109,OPEN,,,YES,,Initialized from binding specification; not individually proven DONE.
RC-0110,OPEN,,,YES,,Initialized from binding specification; not individually proven DONE.
RC-0111,OPEN,,,YES,,Initialized from binding specification; not individually proven DONE.
RC-0112,OPEN,,,YES,,Initialized from binding specification; not individually proven DONE.
RC-0113,OPEN,,,YES,,Initialized from binding specification; not individually proven DONE.
RC-0114,OPEN,,,YES,,Initialized from binding specification; not individually proven DONE.
RC-0115,OPEN,,,YES,,Initialized from binding specification; not individually proven DONE.
RC-0116,OPEN,,,YES,,Initialized from binding specification; not individually proven DONE.
RC-0117,OPEN,,,YES,,Initialized from binding specification; not individually proven DONE.
RC-0118,OPEN,,,YES,,Initialized from binding specification; not individually proven DONE.
RC-0119,OPEN,,,YES,,Initialized from binding specification; not individually proven DONE.
RC-0120,OPEN,,,YES,,Initialized from binding specification; not individually proven DONE.
RC-0121,OPEN,,,YES,,Initialized from binding specification; not individually proven DONE.
RC-0122,OPEN,,,YES,,Initialized from binding specification; not individually proven DONE.
RC-0123,OPEN,,,YES,,Initialized from binding specification; not individually proven DONE.
RC-0124,OPEN,,,YES,,Initialized from binding specification; not individually proven DONE.
RC-0125,OPEN,,,YES,,Initialized from binding specification; not individually proven DONE.
RC-0126,OPEN,,,YES,,Initialized from binding specification; not individually proven DONE.
RC-0127,OPEN,,,YES,,Initialized from binding specification; not individually proven DONE.
RC-0128,OPEN,,,YES,,Initialized from binding specification; not individually proven DONE.
RC-0129,OPEN,,,YES,,Initialized from binding specification; not individually proven DONE.
RC-0130,OPEN,,,YES,,Initialized from binding specification; not individually proven DONE.
RC-0131,OPEN,,,YES,,Initialized from binding specification; not individually proven DONE.
RC-0132,OPEN,,,YES,,Initialized from binding specification; not individually proven DONE.
RC-0133,OPEN,,,YES,,Initialized from binding specification; not individually proven DONE.
RC-0134,OPEN,,,YES,,Initialized from binding specification; not individually proven DONE.
RC-0135,OPEN,,,YES,,Initialized from binding specification; not individually proven DONE.
RC-0136,OPEN,,,YES,,Initialized from binding specification; not individually proven DONE.
RC-0137,OPEN,,,YES,,Initialized from binding specification; not individually proven DONE.
RC-0138,OPEN,,,YES,,Initialized from binding specification; not individually proven DONE.
RC-0139,OPEN,,,YES,,Initialized from binding specification; not individually proven DONE.
RC-0140,OPEN,,,YES,,Initialized from binding specification; not individually proven DONE.
RC-0141,OPEN,,,YES,,Initialized from binding specification; not individually proven DONE.
RC-0142,OPEN,,,YES,,Initialized from binding specification; not individually proven DONE.
RC-0143,OPEN,,,YES,,Initialized from binding specification; not individually proven DONE.
RC-0144,OPEN,,,YES,,Initialized from binding specification; not individually proven DONE.
RC-0145,OPEN,,,YES,,Initialized from binding specification; not individually proven DONE.
RC-0146,OPEN,,,YES,,Initialized from binding specification; not individually proven DONE.
RC-0147,OPEN,,,YES,,Initialized from binding specification; not individually proven DONE.
RC-0148,OPEN,,,YES,,Initialized from binding specification; not individually proven DONE.
RC-0149,OPEN,,,YES,,Initialized from binding specification; not individually proven DONE.
RC-0150,OPEN,,,YES,,Initialized from binding specification; not individually proven DONE.
RC-0151,OPEN,,,YES,,Initialized from binding specification; not individually proven DONE.
RC-0152,OPEN,,,YES,,Initialized from binding specification; not individually proven DONE.
RC-0153,OPEN,,,YES,,Initialized from binding specification; not individually proven DONE.
RC-0154,OPEN,,,YES,,Initialized from binding specification; not individually proven DONE.
RC-0155,OPEN,,,YES,,Initialized from binding specification; not individually proven DONE.
RC-0156,OPEN,,,YES,,Initialized from binding specification; not individually proven DONE.
RC-0157,OPEN,,,YES,,Initialized from binding specification; not individually proven DONE.
RC-0158,OPEN,,,YES,,Initialized from binding specification; not individually proven DONE.
RC-0159,OPEN,,,YES,,Initialized from binding specification; not individually proven DONE.
RC-0160,OPEN,,,YES,,Initialized from binding specification; not individually proven DONE.
RC-0161,OPEN,,,YES,,Initialized from binding specification; not individually proven DONE.
RC-0162,OPEN,,,YES,,Initialized from binding specification; not individually proven DONE.
RC-0163,OPEN,,,YES,,Initialized from binding specification; not individually proven DONE.
RC-0164,OPEN,,,YES,,Initialized from binding specification; not individually proven DONE.
RC-0165,OPEN,,,YES,,Initialized from binding specification; not individually proven DONE.
RC-0166,OPEN,,,YES,,Initialized from binding specification; not individually proven DONE.
RC-0167,OPEN,,,YES,,Initialized from binding specification; not individually proven DONE.
RC-0168,OPEN,,,YES,,Initialized from binding specification; not individually proven DONE.
RC-0169,OPEN,,,YES,,Initialized from binding specification; not individually proven DONE.
RC-0170,OPEN,,,YES,,Initialized from binding specification; not individually proven DONE.
RC-0171,OPEN,,,YES,,Initialized from binding specification; not individually proven DONE.
RC-0172,OPEN,,,YES,,Initialized from binding specification; not individually proven DONE.
RC-0173,OPEN,,,YES,,Initialized from binding specification; not individually proven DONE.
RC-0174,OPEN,,,YES,,Initialized from binding specification; not individually proven DONE.
RC-0175,OPEN,,,YES,,Initialized from binding specification; not individually proven DONE.
RC-0176,OPEN,,,YES,,Initialized from binding specification; not individually proven DONE.
RC-0177,OPEN,,,YES,,Initialized from binding specification; not individually proven DONE.
RC-0178,OPEN,,,YES,,Initialized from binding specification; not individually proven DONE.
RC-0179,OPEN,,,YES,,Initialized from binding specification; not individually proven DONE.
RC-0180,OPEN,,,YES,,Initialized from binding specification; not individually proven DONE.
RC-0181,OPEN,,,YES,,Initialized from binding specification; not individually proven DONE.
RC-0182,OPEN,,,YES,,Initialized from binding specification; not individually proven DONE.
RC-0183,OPEN,,,YES,,Initialized from binding specification; not individually proven DONE.
RC-0184,OPEN,,,YES,,Initialized from binding specification; not individually proven DONE.
RC-0185,OPEN,,,YES,,Initialized from binding specification; not individually proven DONE.
RC-0186,OPEN,,,YES,,Initialized from binding specification; not individually proven DONE.
RC-0187,OPEN,,,YES,,Initialized from binding specification; not individually proven DONE.
RC-0188,OPEN,,,YES,,Initialized from binding specification; not individually proven DONE.
RC-0189,OPEN,,,YES,,Initialized from binding specification; not individually proven DONE.
RC-0190,OPEN,,,YES,,Initialized from binding specification; not individually proven DONE.
RC-0191,OPEN,,,YES,,Initialized from binding specification; not individually proven DONE.
RC-0192,OPEN,,,YES,,Initialized from binding specification; not individually proven DONE.
RC-0193,OPEN,,,YES,,Initialized from binding specification; not individually proven DONE.
RC-0194,OPEN,,,YES,,Initialized from binding specification; not individually proven DONE.
RC-0195,OPEN,,,YES,,Initialized from binding specification; not individually proven DONE.
RC-0196,OPEN,,,YES,,Initialized from binding specification; not individually proven DONE.
RC-0197,OPEN,,,YES,,Initialized from binding specification; not individually proven DONE.
RC-0198,OPEN,,,YES,,Initialized from binding specification; not individually proven DONE.
RC-0199,OPEN,,,YES,,Initialized from binding specification; not individually proven DONE.
RC-0200,OPEN,,,YES,,Initialized from binding specification; not individually proven DONE.
RC-0201,OPEN,,,YES,,Initialized from binding specification; not individually proven DONE.
RC-0202,OPEN,,,YES,,Initialized from binding specification; not individually proven DONE.
RC-0203,OPEN,,,YES,,Initialized from binding specification; not individually proven DONE.
RC-0204,OPEN,,,YES,,Initialized from binding specification; not individually proven DONE.
RC-0205,OPEN,,,YES,,Initialized from binding specification; not individually proven DONE.
RC-0206,OPEN,,,YES,,Initialized from binding specification; not individually proven DONE.
RC-0207,OPEN,,,YES,,Initialized from binding specification; not individually proven DONE.
RC-0208,OPEN,,,YES,,Initialized from binding specification; not individually proven DONE.
RC-0209,OPEN,,,YES,,Initialized from binding specification; not individually proven DONE.
RC-0210,OPEN,,,YES,,Initialized from binding specification; not individually proven DONE.
RC-0211,OPEN,,,YES,,Initialized from binding specification; not individually proven DONE.
RC-0212,OPEN,,,YES,,Initialized from binding specification; not individually proven DONE.
RC-0213,OPEN,,,YES,,Initialized from binding specification; not individually proven DONE.
RC-0214,OPEN,,,YES,,Initialized from binding specification; not individually proven DONE.
RC-0215,OPEN,,,YES,,Initialized from binding specification; not individually proven DONE.
RC-0216,OPEN,,,YES,,Initialized from binding specification; not individually proven DONE.
RC-0217,OPEN,,,YES,,Initialized from binding specification; not individually proven DONE.
RC-0218,OPEN,,,YES,,Initialized from binding specification; not individually proven DONE.
RC-0219,OPEN,,,YES,,Initialized from binding specification; not individually proven DONE.
RC-0220,OPEN,,,YES,,Initialized from binding specification; not individually proven DONE.
RC-0221,OPEN,,,YES,,Initialized from binding specification; not individually proven DONE.
RC-0222,OPEN,,,YES,,Initialized from binding specification; not individually proven DONE.
RC-0223,OPEN,,,YES,,Initialized from binding specification; not individually proven DONE.
RC-0224,OPEN,,,YES,,Initialized from binding specification; not individually proven DONE.
RC-0225,OPEN,,,YES,,Initialized from binding specification; not individually proven DONE.
RC-0226,OPEN,,,YES,,Initialized from binding specification; not individually proven DONE.
RC-0227,OPEN,,,YES,,Initialized from binding specification; not individually proven DONE.
RC-0228,OPEN,,,YES,,Initialized from binding specification; not individually proven DONE.
RC-0229,OPEN,,,YES,,Initialized from binding specification; not individually proven DONE.
RC-0230,OPEN,,,YES,,Initialized from binding specification; not individually proven DONE.
RC-0231,OPEN,,,YES,,Initialized from binding specification; not individually proven DONE.
RC-0232,OPEN,,,YES,,Initialized from binding specification; not individually proven DONE.
RC-0233,OPEN,,,YES,,Initialized from binding specification; not individually proven DONE.
RC-0234,OPEN,,,YES,,Initialized from binding specification; not individually proven DONE.
RC-0235,OPEN,,,YES,,Initialized from binding specification; not individually proven DONE.
RC-0236,OPEN,,,YES,,Initialized from binding specification; not individually proven DONE.
RC-0237,OPEN,,,YES,,Initialized from binding specification; not individually proven DONE.
RC-0238,OPEN,,,YES,,Initialized from binding specification; not individually proven DONE.
RC-0239,OPEN,,,YES,,Initialized from binding specification; not individually proven DONE.
RC-0240,OPEN,,,YES,,Initialized from binding specification; not individually proven DONE.
RC-0241,OPEN,,,YES,,Initialized from binding specification; not individually proven DONE.
RC-0242,OPEN,,,YES,,Initialized from binding specification; not individually proven DONE.
RC-0243,OPEN,,,YES,,Initialized from binding specification; not individually proven DONE.
RC-0244,OPEN,,,YES,,Initialized from binding specification; not individually proven DONE.
RC-0245,OPEN,,,YES,,Initialized from binding specification; not individually proven DONE.
RC-0246,OPEN,,,YES,,Initialized from binding specification; not individually proven DONE.
RC-0247,OPEN,,,YES,,Initialized from binding specification; not individually proven DONE.
RC-0248,OPEN,,,YES,,Initialized from binding specification; not individually proven DONE.
RC-0249,OPEN,,,YES,,Initialized from binding specification; not individually proven DONE.
RC-0250,OPEN,,,YES,,Initialized from binding specification; not individually proven DONE.
RC-0251,OPEN,,,YES,,Initialized from binding specification; not individually proven DONE.
RC-0252,OPEN,,,YES,,Initialized from binding specification; not individually proven DONE.
RC-0253,OPEN,,,YES,,Initialized from binding specification; not individually proven DONE.
RC-0254,OPEN,,,YES,,Initialized from binding specification; not individually proven DONE.
RC-0255,OPEN,,,YES,,Initialized from binding specification; not individually proven DONE.
RC-0256,OPEN,,,YES,,Initialized from binding specification; not individually proven DONE.
RC-0257,OPEN,,,YES,,Initialized from binding specification; not individually proven DONE.
RC-0258,OPEN,,,YES,,Initialized from binding specification; not individually proven DONE.
RC-0259,OPEN,,,YES,,Initialized from binding specification; not individually proven DONE.
RC-0260,OPEN,,,YES,,Initialized from binding specification; not individually proven DONE.
RC-0261,OPEN,,,YES,,Initialized from binding specification; not individually proven DONE.
RC-0262,OPEN,,,YES,,Initialized from binding specification; not individually proven DONE.
RC-0263,OPEN,,,YES,,Initialized from binding specification; not individually proven DONE.
RC-0264,OPEN,,,YES,,Initialized from binding specification; not individually proven DONE.
RC-0265,OPEN,,,YES,,Initialized from binding specification; not individually proven DONE.
RC-0266,OPEN,,,YES,,Initialized from binding specification; not individually proven DONE.
RC-0267,OPEN,,,YES,,Initialized from binding specification; not individually proven DONE.
RC-0268,OPEN,,,YES,,Initialized from binding specification; not individually proven DONE.
RC-0269,OPEN,,,YES,,Initialized from binding specification; not individually proven DONE.
RC-0270,OPEN,,,YES,,Initialized from binding specification; not individually proven DONE.
RC-0271,OPEN,,,YES,,Initialized from binding specification; not individually proven DONE.
RC-0272,OPEN,,,YES,,Initialized from binding specification; not individually proven DONE.
RC-0273,OPEN,,,YES,,Initialized from binding specification; not individually proven DONE.
RC-0274,OPEN,,,YES,,Initialized from binding specification; not individually proven DONE.
RC-0275,OPEN,,,YES,,Initialized from binding specification; not individually proven DONE.
RC-0276,OPEN,,,YES,,Initialized from binding specification; not individually proven DONE.
RC-0277,OPEN,,,YES,,Initialized from binding specification; not individually proven DONE.
RC-0278,OPEN,,,YES,,Initialized from binding specification; not individually proven DONE.
RC-0279,OPEN,,,YES,,Initialized from binding specification; not individually proven DONE.
RC-0280,OPEN,,,YES,,Initialized from binding specification; not individually proven DONE.
RC-0281,OPEN,,,YES,,Initialized from binding specification; not individually proven DONE.
RC-0282,OPEN,,,YES,,Initialized from binding specification; not individually proven DONE.
RC-0283,OPEN,,,YES,,Initialized from binding specification; not individually proven DONE.
RC-0284,OPEN,,,YES,,Initialized from binding specification; not individually proven DONE.
RC-0285,OPEN,,,YES,,Initialized from binding specification; not individually proven DONE.
RC-0286,OPEN,,,YES,,Initialized from binding specification; not individually proven DONE.
RC-0287,OPEN,,,YES,,Initialized from binding specification; not individually proven DONE.
RC-0288,OPEN,,,YES,,Initialized from binding specification; not individually proven DONE.
RC-0289,OPEN,,,YES,,Initialized from binding specification; not individually proven DONE.
RC-0290,OPEN,,,YES,,Initialized from binding specification; not individually proven DONE.
RC-0291,OPEN,,,YES,,Initialized from binding specification; not individually proven DONE.
RC-0292,OPEN,,,YES,,Initialized from binding specification; not individually proven DONE.
RC-0293,OPEN,,,YES,,Initialized from binding specification; not individually proven DONE.
RC-0294,OPEN,,,YES,,Initialized from binding specification; not individually proven DONE.
RC-0295,OPEN,,,YES,,Initialized from binding specification; not individually proven DONE.
RC-0296,OPEN,,,YES,,Initialized from binding specification; not individually proven DONE.
RC-0297,OPEN,,,YES,,Initialized from binding specification; not individually proven DONE.
RC-0298,OPEN,,,YES,,Initialized from binding specification; not individually proven DONE.
RC-0299,OPEN,,,YES,,Initialized from binding specification; not individually proven DONE.
RC-0300,OPEN,,,YES,,Initialized from binding specification; not individually proven DONE.
RC-0301,OPEN,,,YES,,Initialized from binding specification; not individually proven DONE.
RC-0302,OPEN,,,YES,,Initialized from binding specification; not individually proven DONE.
RC-0303,OPEN,,,YES,,Initialized from binding specification; not individually proven DONE.
RC-0304,OPEN,,,YES,,Initialized from binding specification; not individually proven DONE.
RC-0305,OPEN,,,YES,,Initialized from binding specification; not individually proven DONE.
RC-0306,OPEN,,,YES,,Initialized from binding specification; not individually proven DONE.
RC-0307,OPEN,,,YES,,Initialized from binding specification; not individually proven DONE.
RC-0308,OPEN,,,YES,,Initialized from binding specification; not individually proven DONE.
RC-0309,OPEN,,,YES,,Initialized from binding specification; not individually proven DONE.
RC-0310,OPEN,,,YES,,Initialized from binding specification; not individually proven DONE.
RC-0311,OPEN,,,YES,,Initialized from binding specification; not individually proven DONE.
RC-0312,OPEN,,,YES,,Initialized from binding specification; not individually proven DONE.
RC-0313,OPEN,,,YES,,Initialized from binding specification; not individually proven DONE.
RC-0314,OPEN,,,YES,,Initialized from binding specification; not individually proven DONE.
RC-0315,OPEN,,,YES,,Initialized from binding specification; not individually proven DONE.
RC-0316,OPEN,,,YES,,Initialized from binding specification; not individually proven DONE.
RC-0317,OPEN,,,YES,,Initialized from binding specification; not individually proven DONE.
RC-0318,OPEN,,,YES,,Initialized from binding specification; not individually proven DONE.
RC-0319,OPEN,,,YES,,Initialized from binding specification; not individually proven DONE.
RC-0320,OPEN,,,YES,,Initialized from binding specification; not individually proven DONE.
RC-0321,OPEN,,,YES,,Initialized from binding specification; not individually proven DONE.
RC-0322,OPEN,,,YES,,Initialized from binding specification; not individually proven DONE.
RC-0323,OPEN,,,YES,,Initialized from binding specification; not individually proven DONE.
RC-0324,OPEN,,,YES,,Initialized from binding specification; not individually proven DONE.
RC-0325,OPEN,,,YES,,Initialized from binding specification; not individually proven DONE.
RC-0326,OPEN,,,YES,,Initialized from binding specification; not individually proven DONE.
RC-0327,OPEN,,,YES,,Initialized from binding specification; not individually proven DONE.
RC-0328,OPEN,,,YES,,Initialized from binding specification; not individually proven DONE.
RC-0329,OPEN,,,YES,,Initialized from binding specification; not individually proven DONE.
RC-0330,OPEN,,,YES,,Initialized from binding specification; not individually proven DONE.
RC-0331,OPEN,,,YES,,Initialized from binding specification; not individually proven DONE.
RC-0332,OPEN,,,YES,,Initialized from binding specification; not individually proven DONE.
RC-0333,OPEN,,,YES,,Initialized from binding specification; not individually proven DONE.
RC-0334,OPEN,,,YES,,Initialized from binding specification; not individually proven DONE.
RC-0335,OPEN,,,YES,,Initialized from binding specification; not individually proven DONE.
RC-0336,OPEN,,,YES,,Initialized from binding specification; not individually proven DONE.
RC-0337,OPEN,,,YES,,Initialized from binding specification; not individually proven DONE.
RC-0338,OPEN,,,YES,,Initialized from binding specification; not individually proven DONE.
RC-0339,OPEN,,,YES,,Initialized from binding specification; not individually proven DONE.
RC-0340,OPEN,,,YES,,Initialized from binding specification; not individually proven DONE.
RC-0341,OPEN,,,YES,,Initialized from binding specification; not individually proven DONE.
RC-0342,OPEN,,,YES,,Initialized from binding specification; not individually proven DONE.
RC-0343,OPEN,,,YES,,Initialized from binding specification; not individually proven DONE.
RC-0344,OPEN,,,YES,,Initialized from binding specification; not individually proven DONE.
RC-0345,OPEN,,,YES,,Initialized from binding specification; not individually proven DONE.
RC-0346,OPEN,,,YES,,Initialized from binding specification; not individually proven DONE.
RC-0347,OPEN,,,YES,,Initialized from binding specification; not individually proven DONE.
RC-0348,OPEN,,,YES,,Initialized from binding specification; not individually proven DONE.
RC-0349,OPEN,,,YES,,Initialized from binding specification; not individually proven DONE.
RC-0350,OPEN,,,YES,,Initialized from binding specification; not individually proven DONE.
RC-0351,OPEN,,,YES,,Initialized from binding specification; not individually proven DONE.
RC-0352,OPEN,,,YES,,Initialized from binding specification; not individually proven DONE.
RC-0353,OPEN,,,YES,,Initialized from binding specification; not individually proven DONE.
RC-0354,OPEN,,,YES,,Initialized from binding specification; not individually proven DONE.
RC-0355,OPEN,,,YES,,Initialized from binding specification; not individually proven DONE.
RC-0356,OPEN,,,YES,,Initialized from binding specification; not individually proven DONE.
RC-0357,OPEN,,,YES,,Initialized from binding specification; not individually proven DONE.
RC-0358,OPEN,,,YES,,Initialized from binding specification; not individually proven DONE.
RC-0359,OPEN,,,YES,,Initialized from binding specification; not individually proven DONE.
RC-0360,OPEN,,,YES,,Initialized from binding specification; not individually proven DONE.
RC-0361,OPEN,,,YES,,Initialized from binding specification; not individually proven DONE.
RC-0362,OPEN,,,YES,,Initialized from binding specification; not individually proven DONE.
RC-0363,OPEN,,,YES,,Initialized from binding specification; not individually proven DONE.
RC-0364,OPEN,,,YES,,Initialized from binding specification; not individually proven DONE.
RC-0365,OPEN,,,YES,,Initialized from binding specification; not individually proven DONE.
RC-0366,OPEN,,,YES,,Initialized from binding specification; not individually proven DONE.
RC-0367,OPEN,,,YES,,Initialized from binding specification; not individually proven DONE.
RC-0368,OPEN,,,YES,,Initialized from binding specification; not individually proven DONE.
RC-0369,OPEN,,,YES,,Initialized from binding specification; not individually proven DONE.
RC-0370,OPEN,,,YES,,Initialized from binding specification; not individually proven DONE.
RC-0371,OPEN,,,YES,,Initialized from binding specification; not individually proven DONE.
RC-0372,OPEN,,,YES,,Initialized from binding specification; not individually proven DONE.
RC-0373,OPEN,,,YES,,Initialized from binding specification; not individually proven DONE.
RC-0374,OPEN,,,YES,,Initialized from binding specification; not individually proven DONE.
RC-0375,OPEN,,,YES,,Initialized from binding specification; not individually proven DONE.
RC-0376,OPEN,,,YES,,Initialized from binding specification; not individually proven DONE.
RC-0377,OPEN,,,YES,,Initialized from binding specification; not individually proven DONE.
RC-0378,OPEN,,,YES,,Initialized from binding specification; not individually proven DONE.
RC-0379,OPEN,,,YES,,Initialized from binding specification; not individually proven DONE.
RC-0380,OPEN,,,YES,,Initialized from binding specification; not individually proven DONE.
RC-0381,OPEN,,,YES,,Initialized from binding specification; not individually proven DONE.
RC-0382,OPEN,,,YES,,Initialized from binding specification; not individually proven DONE.
RC-0383,OPEN,,,YES,,Initialized from binding specification; not individually proven DONE.
RC-0384,OPEN,,,YES,,Initialized from binding specification; not individually proven DONE.
RC-0385,OPEN,,,YES,,Initialized from binding specification; not individually proven DONE.
RC-0386,OPEN,,,YES,,Initialized from binding specification; not individually proven DONE.
RC-0387,OPEN,,,YES,,Initialized from binding specification; not individually proven DONE.
RC-0388,OPEN,,,YES,,Initialized from binding specification; not individually proven DONE.
RC-0389,OPEN,,,YES,,Initialized from binding specification; not individually proven DONE.
RC-0390,OPEN,,,YES,,Initialized from binding specification; not individually proven DONE.
RC-0391,OPEN,,,YES,,Initialized from binding specification; not individually proven DONE.
RC-0392,OPEN,,,YES,,Initialized from binding specification; not individually proven DONE.
RC-0393,OPEN,,,YES,,Initialized from binding specification; not individually proven DONE.
RC-0394,OPEN,,,YES,,Initialized from binding specification; not individually proven DONE.
RC-0395,OPEN,,,YES,,Initialized from binding specification; not individually proven DONE.
RC-0396,OPEN,,,YES,,Initialized from binding specification; not individually proven DONE.
RC-0397,OPEN,,,YES,,Initialized from binding specification; not individually proven DONE.
RC-0398,OPEN,,,YES,,Initialized from binding specification; not individually proven DONE.
RC-0399,OPEN,,,YES,,Initialized from binding specification; not individually proven DONE.
RC-0400,OPEN,,,YES,,Initialized from binding specification; not individually proven DONE.
RC-0401,OPEN,,,YES,,Initialized from binding specification; not individually proven DONE.
RC-0402,OPEN,,,YES,,Initialized from binding specification; not individually proven DONE.
RC-0403,OPEN,,,YES,,Initialized from binding specification; not individually proven DONE.
RC-0404,OPEN,,,YES,,Initialized from binding specification; not individually proven DONE.
RC-0405,OPEN,,,YES,,Initialized from binding specification; not individually proven DONE.
RC-0406,OPEN,,,YES,,Initialized from binding specification; not individually proven DONE.
RC-0407,OPEN,,,YES,,Initialized from binding specification; not individually proven DONE.
RC-0408,OPEN,,,YES,,Initialized from binding specification; not individually proven DONE.
RC-0409,OPEN,,,YES,,Initialized from binding specification; not individually proven DONE.
RC-0410,OPEN,,,YES,,Initialized from binding specification; not individually proven DONE.
RC-0411,OPEN,,,YES,,Initialized from binding specification; not individually proven DONE.
RC-0412,OPEN,,,YES,,Initialized from binding specification; not individually proven DONE.
RC-0413,OPEN,,,YES,,Initialized from binding specification; not individually proven DONE.
RC-0414,OPEN,,,YES,,Initialized from binding specification; not individually proven DONE.
RC-0415,OPEN,,,YES,,Initialized from binding specification; not individually proven DONE.
RC-0416,OPEN,,,YES,,Initialized from binding specification; not individually proven DONE.
RC-0417,OPEN,,,YES,,Initialized from binding specification; not individually proven DONE.
RC-0418,OPEN,,,YES,,Initialized from binding specification; not individually proven DONE.
RC-0419,OPEN,,,YES,,Initialized from binding specification; not individually proven DONE.
RC-0420,OPEN,,,YES,,Initialized from binding specification; not individually proven DONE.
RC-0421,OPEN,,,YES,,Initialized from binding specification; not individually proven DONE.
RC-0422,OPEN,,,YES,,Initialized from binding specification; not individually proven DONE.
RC-0423,OPEN,,,YES,,Initialized from binding specification; not individually proven DONE.
RC-0424,OPEN,,,YES,,Initialized from binding specification; not individually proven DONE.
RC-0425,OPEN,,,YES,,Initialized from binding specification; not individually proven DONE.
RC-0426,OPEN,,,YES,,Initialized from binding specification; not individually proven DONE.
RC-0427,OPEN,,,YES,,Initialized from binding specification; not individually proven DONE.
RC-0428,OPEN,,,YES,,Initialized from binding specification; not individually proven DONE.
RC-0429,OPEN,,,YES,,Initialized from binding specification; not individually proven DONE.
RC-0430,OPEN,,,YES,,Initialized from binding specification; not individually proven DONE.
RC-0431,OPEN,,,YES,,Initialized from binding specification; not individually proven DONE.
RC-0432,OPEN,,,YES,,Initialized from binding specification; not individually proven DONE.
RC-0433,OPEN,,,YES,,Initialized from binding specification; not individually proven DONE.
RC-0434,OPEN,,,YES,,Initialized from binding specification; not individually proven DONE.
RC-0435,OPEN,,,YES,,Initialized from binding specification; not individually proven DONE.
RC-0436,OPEN,,,YES,,Initialized from binding specification; not individually proven DONE.
RC-0437,OPEN,,,YES,,Initialized from binding specification; not individually proven DONE.
RC-0438,OPEN,,,YES,,Initialized from binding specification; not individually proven DONE.
RC-0439,OPEN,,,YES,,Initialized from binding specification; not individually proven DONE.
RC-0440,OPEN,,,YES,,Initialized from binding specification; not individually proven DONE.
RC-0441,OPEN,,,YES,,Initialized from binding specification; not individually proven DONE.
RC-0442,OPEN,,,YES,,Initialized from binding specification; not individually proven DONE.
RC-0443,OPEN,,,YES,,Initialized from binding specification; not individually proven DONE.
RC-0444,OPEN,,,YES,,Initialized from binding specification; not individually proven DONE.
RC-0445,OPEN,,,YES,,Initialized from binding specification; not individually proven DONE.
RC-0446,OPEN,,,YES,,Initialized from binding specification; not individually proven DONE.
RC-0447,OPEN,,,YES,,Initialized from binding specification; not individually proven DONE.
RC-0448,OPEN,,,YES,,Initialized from binding specification; not individually proven DONE.
RC-0449,OPEN,,,YES,,Initialized from binding specification; not individually proven DONE.
RC-0450,OPEN,,,YES,,Initialized from binding specification; not individually proven DONE.
RC-0451,OPEN,,,YES,,Initialized from binding specification; not individually proven DONE.
RC-0452,OPEN,,,YES,,Initialized from binding specification; not individually proven DONE.
RC-0453,OPEN,,,YES,,Initialized from binding specification; not individually proven DONE.
RC-0454,OPEN,,,YES,,Initialized from binding specification; not individually proven DONE.
RC-0455,OPEN,,,YES,,Initialized from binding specification; not individually proven DONE.
RC-0456,OPEN,,,YES,,Initialized from binding specification; not individually proven DONE.
RC-0457,OPEN,,,YES,,Initialized from binding specification; not individually proven DONE.
RC-0458,OPEN,,,YES,,Initialized from binding specification; not individually proven DONE.
RC-0459,OPEN,,,YES,,Initialized from binding specification; not individually proven DONE.
RC-0460,OPEN,,,YES,,Initialized from binding specification; not individually proven DONE.
RC-0461,OPEN,,,YES,,Initialized from binding specification; not individually proven DONE.
RC-0462,OPEN,,,YES,,Initialized from binding specification; not individually proven DONE.
RC-0463,OPEN,,,YES,,Initialized from binding specification; not individually proven DONE.
RC-0464,OPEN,,,YES,,Initialized from binding specification; not individually proven DONE.
RC-0465,OPEN,,,YES,,Initialized from binding specification; not individually proven DONE.
RC-0466,OPEN,,,YES,,Initialized from binding specification; not individually proven DONE.
RC-0467,OPEN,,,YES,,Initialized from binding specification; not individually proven DONE.
RC-0468,OPEN,,,YES,,Initialized from binding specification; not individually proven DONE.
RC-0469,OPEN,,,YES,,Initialized from binding specification; not individually proven DONE.
RC-0470,OPEN,,,YES,,Initialized from binding specification; not individually proven DONE.
RC-0471,OPEN,,,YES,,Initialized from binding specification; not individually proven DONE.
RC-0472,OPEN,,,YES,,Initialized from binding specification; not individually proven DONE.
RC-0473,OPEN,,,YES,,Initialized from binding specification; not individually proven DONE.
RC-0474,OPEN,,,YES,,Initialized from binding specification; not individually proven DONE.
RC-0475,OPEN,,,YES,,Initialized from binding specification; not individually proven DONE.
RC-0476,OPEN,,,YES,,Initialized from binding specification; not individually proven DONE.
RC-0477,OPEN,,,YES,,Initialized from binding specification; not individually proven DONE.
RC-0478,OPEN,,,YES,,Initialized from binding specification; not individually proven DONE.
RC-0479,OPEN,,,YES,,Initialized from binding specification; not individually proven DONE.
RC-0480,OPEN,,,YES,,Initialized from binding specification; not individually proven DONE.
RC-0481,OPEN,,,YES,,Initialized from binding specification; not individually proven DONE.
RC-0482,OPEN,,,YES,,Initialized from binding specification; not individually proven DONE.
RC-0483,OPEN,,,YES,,Initialized from binding specification; not individually proven DONE.
RC-0484,OPEN,,,YES,,Initialized from binding specification; not individually proven DONE.
RC-0485,OPEN,,,YES,,Initialized from binding specification; not individually proven DONE.
RC-0486,OPEN,,,YES,,Initialized from binding specification; not individually proven DONE.
RC-0487,OPEN,,,YES,,Initialized from binding specification; not individually proven DONE.
RC-0488,OPEN,,,YES,,Initialized from binding specification; not individually proven DONE.
RC-0489,OPEN,,,YES,,Initialized from binding specification; not individually proven DONE.
RC-0490,OPEN,,,YES,,Initialized from binding specification; not individually proven DONE.
RC-0491,OPEN,,,YES,,Initialized from binding specification; not individually proven DONE.
RC-0492,OPEN,,,YES,,Initialized from binding specification; not individually proven DONE.
RC-0493,OPEN,,,YES,,Initialized from binding specification; not individually proven DONE.
RC-0494,OPEN,,,YES,,Initialized from binding specification; not individually proven DONE.
RC-0495,OPEN,,,YES,,Initialized from binding specification; not individually proven DONE.
RC-0496,OPEN,,,YES,,Initialized from binding specification; not individually proven DONE.
RC-0497,OPEN,,,YES,,Initialized from binding specification; not individually proven DONE.
RC-0498,OPEN,,,YES,,Initialized from binding specification; not individually proven DONE.
RC-0499,OPEN,,,YES,,Initialized from binding specification; not individually proven DONE.
RC-0500,OPEN,,,YES,,Initialized from binding specification; not individually proven DONE.
RC-0501,OPEN,,,YES,,Initialized from binding specification; not individually proven DONE.
RC-0502,OPEN,,,YES,,Initialized from binding specification; not individually proven DONE.
RC-0503,OPEN,,,YES,,Initialized from binding specification; not individually proven DONE.
RC-0504,OPEN,,,YES,,Initialized from binding specification; not individually proven DONE.
RC-0505,OPEN,,,YES,,Initialized from binding specification; not individually proven DONE.
RC-0506,OPEN,,,YES,,Initialized from binding specification; not individually proven DONE.
RC-0507,OPEN,,,YES,,Initialized from binding specification; not individually proven DONE.
RC-0508,OPEN,,,YES,,Initialized from binding specification; not individually proven DONE.
RC-0509,OPEN,,,YES,,Initialized from binding specification; not individually proven DONE.
RC-0510,OPEN,,,YES,,Initialized from binding specification; not individually proven DONE.
RC-0511,OPEN,,,YES,,Initialized from binding specification; not individually proven DONE.
RC-0512,OPEN,,,YES,,Initialized from binding specification; not individually proven DONE.
RC-0513,OPEN,,,YES,,Initialized from binding specification; not individually proven DONE.
RC-0514,OPEN,,,YES,,Initialized from binding specification; not individually proven DONE.
RC-0515,OPEN,,,YES,,Initialized from binding specification; not individually proven DONE.
RC-0516,OPEN,,,YES,,Initialized from binding specification; not individually proven DONE.
RC-0517,OPEN,,,YES,,Initialized from binding specification; not individually proven DONE.
RC-0518,OPEN,,,YES,,Initialized from binding specification; not individually proven DONE.
RC-0519,OPEN,,,YES,,Initialized from binding specification; not individually proven DONE.
RC-0520,OPEN,,,YES,,Initialized from binding specification; not individually proven DONE.
RC-0521,OPEN,,,YES,,Initialized from binding specification; not individually proven DONE.
RC-0522,OPEN,,,YES,,Initialized from binding specification; not individually proven DONE.
RC-0523,OPEN,,,YES,,Initialized from binding specification; not individually proven DONE.
RC-0524,OPEN,,,YES,,Initialized from binding specification; not individually proven DONE.
RC-0525,OPEN,,,YES,,Initialized from binding specification; not individually proven DONE.
RC-0526,OPEN,,,YES,,Initialized from binding specification; not individually proven DONE.
RC-0527,OPEN,,,YES,,Initialized from binding specification; not individually proven DONE.
RC-0528,OPEN,,,YES,,Initialized from binding specification; not individually proven DONE.
RC-0529,OPEN,,,YES,,Initialized from binding specification; not individually proven DONE.
RC-0530,OPEN,,,YES,,Initialized from binding specification; not individually proven DONE.
RC-0531,OPEN,,,YES,,Initialized from binding specification; not individually proven DONE.
RC-0532,OPEN,,,YES,,Initialized from binding specification; not individually proven DONE.
RC-0533,OPEN,,,YES,,Initialized from binding specification; not individually proven DONE.
RC-0534,OPEN,,,YES,,Initialized from binding specification; not individually proven DONE.
RC-0535,OPEN,,,YES,,Initialized from binding specification; not individually proven DONE.
RC-0536,OPEN,,,YES,,Initialized from binding specification; not individually proven DONE.
RC-0537,OPEN,,,YES,,Initialized from binding specification; not individually proven DONE.
RC-0538,OPEN,,,YES,,Initialized from binding specification; not individually proven DONE.
RC-0539,OPEN,,,YES,,Initialized from binding specification; not individually proven DONE.
RC-0540,OPEN,,,YES,,Initialized from binding specification; not individually proven DONE.
RC-0541,OPEN,,,YES,,Initialized from binding specification; not individually proven DONE.
RC-0542,OPEN,,,YES,,Initialized from binding specification; not individually proven DONE.
RC-0543,OPEN,,,YES,,Initialized from binding specification; not individually proven DONE.
RC-0544,OPEN,,,YES,,Initialized from binding specification; not individually proven DONE.
RC-0545,OPEN,,,YES,,Initialized from binding specification; not individually proven DONE.
RC-0546,OPEN,,,YES,,Initialized from binding specification; not individually proven DONE.
RC-0547,OPEN,,,YES,,Initialized from binding specification; not individually proven DONE.
RC-0548,OPEN,,,YES,,Initialized from binding specification; not individually proven DONE.
RC-0549,OPEN,,,YES,,Initialized from binding specification; not individually proven DONE.
RC-0550,OPEN,,,YES,,Initialized from binding specification; not individually proven DONE.
RC-0551,OPEN,,,YES,,Initialized from binding specification; not individually proven DONE.
RC-0552,OPEN,,,YES,,Initialized from binding specification; not individually proven DONE.
RC-0553,OPEN,,,YES,,Initialized from binding specification; not individually proven DONE.
RC-0554,OPEN,,,YES,,Initialized from binding specification; not individually proven DONE.
RC-0555,OPEN,,,YES,,Initialized from binding specification; not individually proven DONE.
RC-0556,OPEN,,,YES,,Initialized from binding specification; not individually proven DONE.
RC-0557,OPEN,,,YES,,Initialized from binding specification; not individually proven DONE.
RC-0558,OPEN,,,YES,,Initialized from binding specification; not individually proven DONE.
RC-0559,OPEN,,,YES,,Initialized from binding specification; not individually proven DONE.
RC-0560,OPEN,,,YES,,Initialized from binding specification; not individually proven DONE.
RC-0561,OPEN,,,YES,,Initialized from binding specification; not individually proven DONE.
RC-0562,OPEN,,,YES,,Initialized from binding specification; not individually proven DONE.
RC-0563,OPEN,,,YES,,Initialized from binding specification; not individually proven DONE.
RC-0564,OPEN,,,YES,,Initialized from binding specification; not individually proven DONE.
RC-0565,OPEN,,,YES,,Initialized from binding specification; not individually proven DONE.
RC-0566,OPEN,,,YES,,Initialized from binding specification; not individually proven DONE.
RC-0567,OPEN,,,YES,,Initialized from binding specification; not individually proven DONE.
RC-0568,OPEN,,,YES,,Initialized from binding specification; not individually proven DONE.
RC-0569,OPEN,,,YES,,Initialized from binding specification; not individually proven DONE.
RC-0570,OPEN,,,YES,,Initialized from binding specification; not individually proven DONE.
RC-0571,OPEN,,,YES,,Initialized from binding specification; not individually proven DONE.
RC-0572,OPEN,,,YES,,Initialized from binding specification; not individually proven DONE.
RC-0573,OPEN,,,YES,,Initialized from binding specification; not individually proven DONE.
RC-0574,OPEN,,,YES,,Initialized from binding specification; not individually proven DONE.
RC-0575,OPEN,,,YES,,Initialized from binding specification; not individually proven DONE.
RC-0576,OPEN,,,YES,,Initialized from binding specification; not individually proven DONE.
RC-0577,OPEN,,,YES,,Initialized from binding specification; not individually proven DONE.
RC-0578,OPEN,,,YES,,Initialized from binding specification; not individually proven DONE.
RC-0579,OPEN,,,YES,,Initialized from binding specification; not individually proven DONE.
RC-0580,OPEN,,,YES,,Initialized from binding specification; not individually proven DONE.
RC-0581,OPEN,,,YES,,Initialized from binding specification; not individually proven DONE.
RC-0582,OPEN,,,YES,,Initialized from binding specification; not individually proven DONE.
RC-0583,OPEN,,,YES,,Initialized from binding specification; not individually proven DONE.
RC-0584,OPEN,,,YES,,Initialized from binding specification; not individually proven DONE.
RC-0585,OPEN,,,YES,,Initialized from binding specification; not individually proven DONE.
RC-0586,OPEN,,,YES,,Initialized from binding specification; not individually proven DONE.
RC-0587,OPEN,,,YES,,Initialized from binding specification; not individually proven DONE.
RC-0588,OPEN,,,YES,,Initialized from binding specification; not individually proven DONE.
RC-0589,OPEN,,,YES,,Initialized from binding specification; not individually proven DONE.
RC-0590,OPEN,,,YES,,Initialized from binding specification; not individually proven DONE.
RC-0591,OPEN,,,YES,,Initialized from binding specification; not individually proven DONE.
RC-0592,OPEN,,,YES,,Initialized from binding specification; not individually proven DONE.
RC-0593,OPEN,,,YES,,Initialized from binding specification; not individually proven DONE.
RC-0594,OPEN,,,YES,,Initialized from binding specification; not individually proven DONE.
RC-0595,OPEN,,,YES,,Initialized from binding specification; not individually proven DONE.
RC-0596,OPEN,,,YES,,Initialized from binding specification; not individually proven DONE.
RC-0597,OPEN,,,YES,,Initialized from binding specification; not individually proven DONE.
RC-0598,OPEN,,,YES,,Initialized from binding specification; not individually proven DONE.
RC-0599,OPEN,,,YES,,Initialized from binding specification; not individually proven DONE.
RC-0600,OPEN,,,YES,,Initialized from binding specification; not individually proven DONE.
RC-0601,OPEN,,,YES,,Initialized from binding specification; not individually proven DONE.
RC-0602,OPEN,,,YES,,Initialized from binding specification; not individually proven DONE.
RC-0603,OPEN,,,YES,,Initialized from binding specification; not individually proven DONE.
RC-0604,OPEN,,,YES,,Initialized from binding specification; not individually proven DONE.
RC-0605,OPEN,,,YES,,Initialized from binding specification; not individually proven DONE.
RC-0606,OPEN,,,YES,,Initialized from binding specification; not individually proven DONE.
RC-0607,OPEN,,,YES,,Initialized from binding specification; not individually proven DONE.
RC-0608,OPEN,,,YES,,Initialized from binding specification; not individually proven DONE.
RC-0609,OPEN,,,YES,,Initialized from binding specification; not individually proven DONE.
RC-0610,OPEN,,,YES,,Initialized from binding specification; not individually proven DONE.
RC-0611,OPEN,,,YES,,Initialized from binding specification; not individually proven DONE.
RC-0612,OPEN,,,YES,,Initialized from binding specification; not individually proven DONE.
RC-0613,OPEN,,,YES,,Initialized from binding specification; not individually proven DONE.
RC-0614,OPEN,,,YES,,Initialized from binding specification; not individually proven DONE.
RC-0615,OPEN,,,YES,,Initialized from binding specification; not individually proven DONE.
RC-0616,OPEN,,,YES,,Initialized from binding specification; not individually proven DONE.
RC-0617,OPEN,,,YES,,Initialized from binding specification; not individually proven DONE.
RC-0618,OPEN,,,YES,,Initialized from binding specification; not individually proven DONE.
RC-0619,OPEN,,,YES,,Initialized from binding specification; not individually proven DONE.
RC-0620,OPEN,,,YES,,Initialized from binding specification; not individually proven DONE.
RC-0621,OPEN,,,YES,,Initialized from binding specification; not individually proven DONE.
RC-0622,OPEN,,,YES,,Initialized from binding specification; not individually proven DONE.
RC-0623,OPEN,,,YES,,Initialized from binding specification; not individually proven DONE.
RC-0624,OPEN,,,YES,,Initialized from binding specification; not individually proven DONE.
RC-0625,OPEN,,,YES,,Initialized from binding specification; not individually proven DONE.
RC-0626,OPEN,,,YES,,Initialized from binding specification; not individually proven DONE.
RC-0627,OPEN,,,YES,,Initialized from binding specification; not individually proven DONE.
RC-0628,OPEN,,,YES,,Initialized from binding specification; not individually proven DONE.
RC-0629,OPEN,,,YES,,Initialized from binding specification; not individually proven DONE.
RC-0630,OPEN,,,YES,,Initialized from binding specification; not individually proven DONE.
RC-0631,OPEN,,,YES,,Initialized from binding specification; not individually proven DONE.
RC-0632,OPEN,,,YES,,Initialized from binding specification; not individually proven DONE.
RC-0633,OPEN,,,YES,,Initialized from binding specification; not individually proven DONE.
RC-0634,OPEN,,,YES,,Initialized from binding specification; not individually proven DONE.
RC-0635,OPEN,,,YES,,Initialized from binding specification; not individually proven DONE.
RC-0636,OPEN,,,YES,,Initialized from binding specification; not individually proven DONE.
RC-0637,OPEN,,,YES,,Initialized from binding specification; not individually proven DONE.
RC-0638,OPEN,,,YES,,Initialized from binding specification; not individually proven DONE.
RC-0639,OPEN,,,YES,,Initialized from binding specification; not individually proven DONE.
RC-0640,OPEN,,,YES,,Initialized from binding specification; not individually proven DONE.
RC-0641,OPEN,,,YES,,Initialized from binding specification; not individually proven DONE.
RC-0642,OPEN,,,YES,,Initialized from binding specification; not individually proven DONE.
RC-0643,OPEN,,,YES,,Initialized from binding specification; not individually proven DONE.
RC-0644,OPEN,,,YES,,Initialized from binding specification; not individually proven DONE.
RC-0645,OPEN,,,YES,,Initialized from binding specification; not individually proven DONE.
RC-0646,OPEN,,,YES,,Initialized from binding specification; not individually proven DONE.
RC-0647,OPEN,,,YES,,Initialized from binding specification; not individually proven DONE.
RC-0648,OPEN,,,YES,,Initialized from binding specification; not individually proven DONE.
RC-0649,OPEN,,,YES,,Initialized from binding specification; not individually proven DONE.
RC-0650,OPEN,,,YES,,Initialized from binding specification; not individually proven DONE.
RC-0651,OPEN,,,YES,,Initialized from binding specification; not individually proven DONE.
RC-0652,OPEN,,,YES,,Initialized from binding specification; not individually proven DONE.
RC-0653,OPEN,,,YES,,Initialized from binding specification; not individually proven DONE.
RC-0654,OPEN,,,YES,,Initialized from binding specification; not individually proven DONE.
RC-0655,OPEN,,,YES,,Initialized from binding specification; not individually proven DONE.
RC-0656,OPEN,,,YES,,Initialized from binding specification; not individually proven DONE.
RC-0657,OPEN,,,YES,,Initialized from binding specification; not individually proven DONE.
RC-0658,OPEN,,,YES,,Initialized from binding specification; not individually proven DONE.
RC-0659,OPEN,,,YES,,Initialized from binding specification; not individually proven DONE.
RC-0660,OPEN,,,YES,,Initialized from binding specification; not individually proven DONE.
RC-0661,OPEN,,,YES,,Initialized from binding specification; not individually proven DONE.
RC-0662,OPEN,,,YES,,Initialized from binding specification; not individually proven DONE.
RC-0663,OPEN,,,YES,,Initialized from binding specification; not individually proven DONE.
RC-0664,OPEN,,,YES,,Initialized from binding specification; not individually proven DONE.
RC-0665,OPEN,,,YES,,Initialized from binding specification; not individually proven DONE.
RC-0666,OPEN,,,YES,,Initialized from binding specification; not individually proven DONE.
RC-0667,OPEN,,,YES,,Initialized from binding specification; not individually proven DONE.
RC-0668,OPEN,,,YES,,Initialized from binding specification; not individually proven DONE.
RC-0669,OPEN,,,YES,,Initialized from binding specification; not individually proven DONE.
RC-0670,OPEN,,,YES,,Initialized from binding specification; not individually proven DONE.
RC-0671,OPEN,,,YES,,Initialized from binding specification; not individually proven DONE.
RC-0672,OPEN,,,YES,,Initialized from binding specification; not individually proven DONE.
RC-0673,OPEN,,,YES,,Initialized from binding specification; not individually proven DONE.
RC-0674,OPEN,,,YES,,Initialized from binding specification; not individually proven DONE.
RC-0675,OPEN,,,YES,,Initialized from binding specification; not individually proven DONE.
RC-0676,OPEN,,,YES,,Initialized from binding specification; not individually proven DONE.
RC-0677,OPEN,,,YES,,Initialized from binding specification; not individually proven DONE.
RC-0678,OPEN,,,YES,,Initialized from binding specification; not individually proven DONE.
RC-0679,OPEN,,,YES,,Initialized from binding specification; not individually proven DONE.
RC-0680,OPEN,,,YES,,Initialized from binding specification; not individually proven DONE.
RC-0681,OPEN,,,YES,,Initialized from binding specification; not individually proven DONE.
RC-0682,OPEN,,,YES,,Initialized from binding specification; not individually proven DONE.
RC-0683,OPEN,,,YES,,Initialized from binding specification; not individually proven DONE.
RC-0684,OPEN,,,YES,,Initialized from binding specification; not individually proven DONE.
RC-0685,OPEN,,,YES,,Initialized from binding specification; not individually proven DONE.
RC-0686,OPEN,,,YES,,Initialized from binding specification; not individually proven DONE.
RC-0687,OPEN,,,YES,,Initialized from binding specification; not individually proven DONE.
RC-0688,OPEN,,,YES,,Initialized from binding specification; not individually proven DONE.
RC-0689,OPEN,,,YES,,Initialized from binding specification; not individually proven DONE.
RC-0690,OPEN,,,YES,,Initialized from binding specification; not individually proven DONE.
RC-0691,OPEN,,,YES,,Initialized from binding specification; not individually proven DONE.
RC-0692,OPEN,,,YES,,Initialized from binding specification; not individually proven DONE.
RC-0693,OPEN,,,YES,,Initialized from binding specification; not individually proven DONE.
RC-0694,OPEN,,,YES,,Initialized from binding specification; not individually proven DONE.
RC-0695,OPEN,,,YES,,Initialized from binding specification; not individually proven DONE.
RC-0696,OPEN,,,YES,,Initialized from binding specification; not individually proven DONE.
RC-0697,OPEN,,,YES,,Initialized from binding specification; not individually proven DONE.
RC-0698,OPEN,,,YES,,Initialized from binding specification; not individually proven DONE.
RC-0699,OPEN,,,YES,,Initialized from binding specification; not individually proven DONE.
RC-0700,OPEN,,,YES,,Initialized from binding specification; not individually proven DONE.
RC-0701,OPEN,,,YES,,Initialized from binding specification; not individually proven DONE.
RC-0702,OPEN,,,YES,,Initialized from binding specification; not individually proven DONE.
RC-0703,OPEN,,,YES,,Initialized from binding specification; not individually proven DONE.
RC-0704,OPEN,,,YES,,Initialized from binding specification; not individually proven DONE.
RC-0705,OPEN,,,YES,,Initialized from binding specification; not individually proven DONE.
RC-0706,OPEN,,,YES,,Initialized from binding specification; not individually proven DONE.
RC-0707,OPEN,,,YES,,Initialized from binding specification; not individually proven DONE.
RC-0708,OPEN,,,YES,,Initialized from binding specification; not individually proven DONE.
RC-0709,OPEN,,,YES,,Initialized from binding specification; not individually proven DONE.
RC-0710,OPEN,,,YES,,Initialized from binding specification; not individually proven DONE.
RC-0711,OPEN,,,YES,,Initialized from binding specification; not individually proven DONE.
RC-0712,OPEN,,,YES,,Initialized from binding specification; not individually proven DONE.
RC-0713,OPEN,,,YES,,Initialized from binding specification; not individually proven DONE.
RC-0714,OPEN,,,YES,,Initialized from binding specification; not individually proven DONE.
RC-0715,OPEN,,,YES,,Initialized from binding specification; not individually proven DONE.
RC-0716,OPEN,,,YES,,Initialized from binding specification; not individually proven DONE.
RC-0717,OPEN,,,YES,,Initialized from binding specification; not individually proven DONE.
RC-0718,OPEN,,,YES,,Initialized from binding specification; not individually proven DONE.
RC-0719,OPEN,,,YES,,Initialized from binding specification; not individually proven DONE.
RC-0720,OPEN,,,YES,,Initialized from binding specification; not individually proven DONE.
RC-0721,OPEN,,,YES,,Initialized from binding specification; not individually proven DONE.
RC-0722,OPEN,,,YES,,Initialized from binding specification; not individually proven DONE.
RC-0723,OPEN,,,YES,,Initialized from binding specification; not individually proven DONE.
RC-0724,OPEN,,,YES,,Initialized from binding specification; not individually proven DONE.
RC-0725,OPEN,,,YES,,Initialized from binding specification; not individually proven DONE.
RC-0726,OPEN,,,YES,,Initialized from binding specification; not individually proven DONE.
RC-0727,OPEN,,,YES,,Initialized from binding specification; not individually proven DONE.
RC-0728,OPEN,,,YES,,Initialized from binding specification; not individually proven DONE.
RC-0729,OPEN,,,YES,,Initialized from binding specification; not individually proven DONE.
RC-0730,OPEN,,,YES,,Initialized from binding specification; not individually proven DONE.
RC-0731,OPEN,,,YES,,Initialized from binding specification; not individually proven DONE.
RC-0732,OPEN,,,YES,,Initialized from binding specification; not individually proven DONE.
RC-0733,OPEN,,,YES,,Initialized from binding specification; not individually proven DONE.
RC-0734,OPEN,,,YES,,Initialized from binding specification; not individually proven DONE.
RC-0735,OPEN,,,YES,,Initialized from binding specification; not individually proven DONE.
RC-0736,OPEN,,,YES,,Initialized from binding specification; not individually proven DONE.
RC-0737,OPEN,,,YES,,Initialized from binding specification; not individually proven DONE.
RC-0738,OPEN,,,YES,,Initialized from binding specification; not individually proven DONE.
RC-0739,OPEN,,,YES,,Initialized from binding specification; not individually proven DONE.
RC-0740,OPEN,,,YES,,Initialized from binding specification; not individually proven DONE.
RC-0741,OPEN,,,YES,,Initialized from binding specification; not individually proven DONE.
RC-0742,OPEN,,,YES,,Initialized from binding specification; not individually proven DONE.
RC-0743,OPEN,,,YES,,Initialized from binding specification; not individually proven DONE.
RC-0744,OPEN,,,YES,,Initialized from binding specification; not individually proven DONE.
RC-0745,OPEN,,,YES,,Initialized from binding specification; not individually proven DONE.
RC-0746,OPEN,,,YES,,Initialized from binding specification; not individually proven DONE.
RC-0747,OPEN,,,YES,,Initialized from binding specification; not individually proven DONE.
RC-0748,OPEN,,,YES,,Initialized from binding specification; not individually proven DONE.
RC-0749,OPEN,,,YES,,Initialized from binding specification; not individually proven DONE.
RC-0750,OPEN,,,YES,,Initialized from binding specification; not individually proven DONE.
RC-0751,OPEN,,,YES,,Initialized from binding specification; not individually proven DONE.
RC-0752,OPEN,,,YES,,Initialized from binding specification; not individually proven DONE.
RC-0753,OPEN,,,YES,,Initialized from binding specification; not individually proven DONE.
RC-0754,OPEN,,,YES,,Initialized from binding specification; not individually proven DONE.
RC-0755,OPEN,,,YES,,Initialized from binding specification; not individually proven DONE.
RC-0756,OPEN,,,YES,,Initialized from binding specification; not individually proven DONE.
RC-0757,OPEN,,,YES,,Initialized from binding specification; not individually proven DONE.
RC-0758,OPEN,,,YES,,Initialized from binding specification; not individually proven DONE.
RC-0759,OPEN,,,YES,,Initialized from binding specification; not individually proven DONE.
RC-0760,OPEN,,,YES,,Initialized from binding specification; not individually proven DONE.
RC-0761,OPEN,,,YES,,Initialized from binding specification; not individually proven DONE.
RC-0762,OPEN,,,YES,,Initialized from binding specification; not individually proven DONE.
RC-0763,OPEN,,,YES,,Initialized from binding specification; not individually proven DONE.
RC-0764,OPEN,,,YES,,Initialized from binding specification; not individually proven DONE.
RC-0765,OPEN,,,YES,,Initialized from binding specification; not individually proven DONE.
RC-0766,OPEN,,,YES,,Initialized from binding specification; not individually proven DONE.
RC-0767,OPEN,,,YES,,Initialized from binding specification; not individually proven DONE.
RC-0768,OPEN,,,YES,,Initialized from binding specification; not individually proven DONE.
RC-0769,OPEN,,,YES,,Initialized from binding specification; not individually proven DONE.
RC-0770,OPEN,,,YES,,Initialized from binding specification; not individually proven DONE.
RC-0771,OPEN,,,YES,,Initialized from binding specification; not individually proven DONE.
RC-0772,OPEN,,,YES,,Initialized from binding specification; not individually proven DONE.
RC-0773,OPEN,,,YES,,Initialized from binding specification; not individually proven DONE.
RC-0774,OPEN,,,YES,,Initialized from binding specification; not individually proven DONE.
RC-0775,OPEN,,,YES,,Initialized from binding specification; not individually proven DONE.
RC-0776,OPEN,,,YES,,Initialized from binding specification; not individually proven DONE.
RC-0777,OPEN,,,YES,,Initialized from binding specification; not individually proven DONE.
RC-0778,OPEN,,,YES,,Initialized from binding specification; not individually proven DONE.
RC-0779,OPEN,,,YES,,Initialized from binding specification; not individually proven DONE.
RC-0780,OPEN,,,YES,,Initialized from binding specification; not individually proven DONE.
RC-0781,OPEN,,,YES,,Initialized from binding specification; not individually proven DONE.
RC-0782,OPEN,,,YES,,Initialized from binding specification; not individually proven DONE.
RC-0783,OPEN,,,YES,,Initialized from binding specification; not individually proven DONE.
RC-0784,OPEN,,,YES,,Initialized from binding specification; not individually proven DONE.
RC-0785,OPEN,,,YES,,Initialized from binding specification; not individually proven DONE.
RC-0786,OPEN,,,YES,,Initialized from binding specification; not individually proven DONE.
RC-0787,OPEN,,,YES,,Initialized from binding specification; not individually proven DONE.
RC-0788,OPEN,,,YES,,Initialized from binding specification; not individually proven DONE.
RC-0789,OPEN,,,YES,,Initialized from binding specification; not individually proven DONE.
RC-0790,OPEN,,,YES,,Initialized from binding specification; not individually proven DONE.
RC-0791,OPEN,,,YES,,Initialized from binding specification; not individually proven DONE.
RC-0792,OPEN,,,YES,,Initialized from binding specification; not individually proven DONE.
RC-0793,OPEN,,,YES,,Initialized from binding specification; not individually proven DONE.
RC-0794,OPEN,,,YES,,Initialized from binding specification; not individually proven DONE.
RC-0795,OPEN,,,YES,,Initialized from binding specification; not individually proven DONE.
RC-0796,OPEN,,,YES,,Initialized from binding specification; not individually proven DONE.
RC-0797,OPEN,,,YES,,Initialized from binding specification; not individually proven DONE.
RC-0798,OPEN,,,YES,,Initialized from binding specification; not individually proven DONE.
RC-0799,OPEN,,,YES,,Initialized from binding specification; not individually proven DONE.
RC-0800,OPEN,,,YES,,Initialized from binding specification; not individually proven DONE.
RC-0801,OPEN,,,YES,,Initialized from binding specification; not individually proven DONE.
RC-0802,OPEN,,,YES,,Initialized from binding specification; not individually proven DONE.
RC-0803,OPEN,,,YES,,Initialized from binding specification; not individually proven DONE.
RC-0804,OPEN,,,YES,,Initialized from binding specification; not individually proven DONE.
RC-0805,OPEN,,,YES,,Initialized from binding specification; not individually proven DONE.
RC-0806,OPEN,,,YES,,Initialized from binding specification; not individually proven DONE.
RC-0807,OPEN,,,YES,,Initialized from binding specification; not individually proven DONE.
RC-0808,OPEN,,,YES,,Initialized from binding specification; not individually proven DONE.
RC-0809,OPEN,,,YES,,Initialized from binding specification; not individually proven DONE.
RC-0810,OPEN,,,YES,,Initialized from binding specification; not individually proven DONE.
RC-0811,OPEN,,,YES,,Initialized from binding specification; not individually proven DONE.
RC-0812,OPEN,,,YES,,Initialized from binding specification; not individually proven DONE.
RC-0813,OPEN,,,YES,,Initialized from binding specification; not individually proven DONE.
RC-0814,OPEN,,,YES,,Initialized from binding specification; not individually proven DONE.
RC-0815,OPEN,,,YES,,Initialized from binding specification; not individually proven DONE.
RC-0816,OPEN,,,YES,,Initialized from binding specification; not individually proven DONE.
RC-0817,OPEN,,,YES,,Initialized from binding specification; not individually proven DONE.
RC-0818,OPEN,,,YES,,Initialized from binding specification; not individually proven DONE.
RC-0819,OPEN,,,YES,,Initialized from binding specification; not individually proven DONE.
RC-0820,OPEN,,,YES,,Initialized from binding specification; not individually proven DONE.
RC-0821,OPEN,,,YES,,Initialized from binding specification; not individually proven DONE.
RC-0822,OPEN,,,YES,,Initialized from binding specification; not individually proven DONE.
RC-0823,OPEN,,,YES,,Initialized from binding specification; not individually proven DONE.
RC-0824,OPEN,,,YES,,Initialized from binding specification; not individually proven DONE.
RC-0825,OPEN,,,YES,,Initialized from binding specification; not individually proven DONE.
RC-0826,OPEN,,,YES,,Initialized from binding specification; not individually proven DONE.
RC-0827,OPEN,,,YES,,Initialized from binding specification; not individually proven DONE.
RC-0828,OPEN,,,YES,,Initialized from binding specification; not individually proven DONE.
RC-0829,OPEN,,,YES,,Initialized from binding specification; not individually proven DONE.
RC-0830,OPEN,,,YES,,Initialized from binding specification; not individually proven DONE.
RC-0831,OPEN,,,YES,,Initialized from binding specification; not individually proven DONE.
RC-0832,OPEN,,,YES,,Initialized from binding specification; not individually proven DONE.
RC-0833,OPEN,,,YES,,Initialized from binding specification; not individually proven DONE.
RC-0834,OPEN,,,YES,,Initialized from binding specification; not individually proven DONE.
RC-0835,OPEN,,,YES,,Initialized from binding specification; not individually proven DONE.
RC-0836,OPEN,,,YES,,Initialized from binding specification; not individually proven DONE.
RC-0837,OPEN,,,YES,,Initialized from binding specification; not individually proven DONE.
RC-0838,OPEN,,,YES,,Initialized from binding specification; not individually proven DONE.
RC-0839,OPEN,,,YES,,Initialized from binding specification; not individually proven DONE.
RC-0840,OPEN,,,YES,,Initialized from binding specification; not individually proven DONE.
RC-0841,OPEN,,,YES,,Initialized from binding specification; not individually proven DONE.
RC-0842,OPEN,,,YES,,Initialized from binding specification; not individually proven DONE.
RC-0843,OPEN,,,YES,,Initialized from binding specification; not individually proven DONE.
RC-0844,OPEN,,,YES,,Initialized from binding specification; not individually proven DONE.
RC-0845,OPEN,,,YES,,Initialized from binding specification; not individually proven DONE.
RC-0846,OPEN,,,YES,,Initialized from binding specification; not individually proven DONE.
RC-0847,OPEN,,,YES,,Initialized from binding specification; not individually proven DONE.
RC-0848,OPEN,,,YES,,Initialized from binding specification; not individually proven DONE.
RC-0849,OPEN,,,YES,,Initialized from binding specification; not individually proven DONE.
RC-0850,OPEN,,,YES,,Initialized from binding specification; not individually proven DONE.
RC-0851,OPEN,,,YES,,Initialized from binding specification; not individually proven DONE.
RC-0852,OPEN,,,YES,,Initialized from binding specification; not individually proven DONE.
RC-0853,OPEN,,,YES,,Initialized from binding specification; not individually proven DONE.
RC-0854,OPEN,,,YES,,Initialized from binding specification; not individually proven DONE.
RC-0855,OPEN,,,YES,,Initialized from binding specification; not individually proven DONE.
RC-0856,OPEN,,,YES,,Initialized from binding specification; not individually proven DONE.
RC-0857,OPEN,,,YES,,Initialized from binding specification; not individually proven DONE.
RC-0858,OPEN,,,YES,,Initialized from binding specification; not individually proven DONE.
RC-0859,OPEN,,,YES,,Initialized from binding specification; not individually proven DONE.
RC-0860,OPEN,,,YES,,Initialized from binding specification; not individually proven DONE.
RC-0861,OPEN,,,YES,,Initialized from binding specification; not individually proven DONE.
RC-0862,OPEN,,,YES,,Initialized from binding specification; not individually proven DONE.
RC-0863,OPEN,,,YES,,Initialized from binding specification; not individually proven DONE.
RC-0864,OPEN,,,YES,,Initialized from binding specification; not individually proven DONE.
RC-0865,OPEN,,,YES,,Initialized from binding specification; not individually proven DONE.
RC-0866,OPEN,,,YES,,Initialized from binding specification; not individually proven DONE.
RC-0867,OPEN,,,YES,,Initialized from binding specification; not individually proven DONE.
RC-0868,OPEN,,,YES,,Initialized from binding specification; not individually proven DONE.
RC-0869,OPEN,,,YES,,Initialized from binding specification; not individually proven DONE.
RC-0870,OPEN,,,YES,,Initialized from binding specification; not individually proven DONE.
RC-0871,OPEN,,,YES,,Initialized from binding specification; not individually proven DONE.
RC-0872,OPEN,,,YES,,Initialized from binding specification; not individually proven DONE.
RC-0873,OPEN,,,YES,,Initialized from binding specification; not individually proven DONE.
RC-0874,OPEN,,,YES,,Initialized from binding specification; not individually proven DONE.
RC-0875,OPEN,,,YES,,Initialized from binding specification; not individually proven DONE.
RC-0876,OPEN,,,YES,,Initialized from binding specification; not individually proven DONE.
RC-0877,OPEN,,,YES,,Initialized from binding specification; not individually proven DONE.
RC-0878,OPEN,,,YES,,Initialized from binding specification; not individually proven DONE.
RC-0879,OPEN,,,YES,,Initialized from binding specification; not individually proven DONE.
RC-0880,OPEN,,,YES,,Initialized from binding specification; not individually proven DONE.
RC-0881,OPEN,,,YES,,Initialized from binding specification; not individually proven DONE.
RC-0882,OPEN,,,YES,,Initialized from binding specification; not individually proven DONE.
RC-0883,OPEN,,,YES,,Initialized from binding specification; not individually proven DONE.
RC-0884,OPEN,,,YES,,Initialized from binding specification; not individually proven DONE.
RC-0885,OPEN,,,YES,,Initialized from binding specification; not individually proven DONE.
RC-0886,OPEN,,,YES,,Initialized from binding specification; not individually proven DONE.
RC-0887,OPEN,,,YES,,Initialized from binding specification; not individually proven DONE.
RC-0888,OPEN,,,YES,,Initialized from binding specification; not individually proven DONE.
RC-0889,OPEN,,,YES,,Initialized from binding specification; not individually proven DONE.
RC-0890,OPEN,,,YES,,Initialized from binding specification; not individually proven DONE.
RC-0891,OPEN,,,YES,,Initialized from binding specification; not individually proven DONE.
RC-0892,OPEN,,,YES,,Initialized from binding specification; not individually proven DONE.
RC-0893,OPEN,,,YES,,Initialized from binding specification; not individually proven DONE.
RC-0894,OPEN,,,YES,,Initialized from binding specification; not individually proven DONE.
RC-0895,OPEN,,,YES,,Initialized from binding specification; not individually proven DONE.
RC-0896,OPEN,,,YES,,Initialized from binding specification; not individually proven DONE.
RC-0897,OPEN,,,YES,,Initialized from binding specification; not individually proven DONE.
RC-0898,OPEN,,,YES,,Initialized from binding specification; not individually proven DONE.
RC-0899,OPEN,,,YES,,Initialized from binding specification; not individually proven DONE.
RC-0900,OPEN,,,YES,,Initialized from binding specification; not individually proven DONE.
RC-0901,OPEN,,,YES,,Initialized from binding specification; not individually proven DONE.
RC-0902,OPEN,,,YES,,Initialized from binding specification; not individually proven DONE.
RC-0903,OPEN,,,YES,,Initialized from binding specification; not individually proven DONE.
RC-0904,OPEN,,,YES,,Initialized from binding specification; not individually proven DONE.
RC-0905,OPEN,,,YES,,Initialized from binding specification; not individually proven DONE.
RC-0906,OPEN,,,YES,,Initialized from binding specification; not individually proven DONE.
RC-0907,OPEN,,,YES,,Initialized from binding specification; not individually proven DONE.
RC-0908,OPEN,,,YES,,Initialized from binding specification; not individually proven DONE.
RC-0909,OPEN,,,YES,,Initialized from binding specification; not individually proven DONE.
RC-0910,OPEN,,,YES,,Initialized from binding specification; not individually proven DONE.
RC-0911,OPEN,,,YES,,Initialized from binding specification; not individually proven DONE.
RC-0912,OPEN,,,YES,,Initialized from binding specification; not individually proven DONE.
RC-0913,OPEN,,,YES,,Initialized from binding specification; not individually proven DONE.
RC-0914,OPEN,,,YES,,Initialized from binding specification; not individually proven DONE.
RC-0915,OPEN,,,YES,,Initialized from binding specification; not individually proven DONE.
RC-0916,OPEN,,,YES,,Initialized from binding specification; not individually proven DONE.
RC-0917,OPEN,,,YES,,Initialized from binding specification; not individually proven DONE.
RC-0918,OPEN,,,YES,,Initialized from binding specification; not individually proven DONE.
RC-0919,OPEN,,,YES,,Initialized from binding specification; not individually proven DONE.
RC-0920,OPEN,,,YES,,Initialized from binding specification; not individually proven DONE.
RC-0921,OPEN,,,YES,,Initialized from binding specification; not individually proven DONE.
RC-0922,OPEN,,,YES,,Initialized from binding specification; not individually proven DONE.
RC-0923,OPEN,,,YES,,Initialized from binding specification; not individually proven DONE.
RC-0924,OPEN,,,YES,,Initialized from binding specification; not individually proven DONE.
RC-0925,OPEN,,,YES,,Initialized from binding specification; not individually proven DONE.
RC-0926,OPEN,,,YES,,Initialized from binding specification; not individually proven DONE.
RC-0927,OPEN,,,YES,,Initialized from binding specification; not individually proven DONE.
RC-0928,OPEN,,,YES,,Initialized from binding specification; not individually proven DONE.
RC-0929,OPEN,,,YES,,Initialized from binding specification; not individually proven DONE.
RC-0930,OPEN,,,YES,,Initialized from binding specification; not individually proven DONE.
RC-0931,OPEN,,,YES,,Initialized from binding specification; not individually proven DONE.
RC-0932,OPEN,,,YES,,Initialized from binding specification; not individually proven DONE.
RC-0933,OPEN,,,YES,,Initialized from binding specification; not individually proven DONE.
RC-0934,OPEN,,,YES,,Initialized from binding specification; not individually proven DONE.
RC-0935,OPEN,,,YES,,Initialized from binding specification; not individually proven DONE.
RC-0936,OPEN,,,YES,,Initialized from binding specification; not individually proven DONE.
RC-0937,OPEN,,,YES,,Initialized from binding specification; not individually proven DONE.
RC-0938,OPEN,,,YES,,Initialized from binding specification; not individually proven DONE.
RC-0939,OPEN,,,YES,,Initialized from binding specification; not individually proven DONE.
RC-0940,OPEN,,,YES,,Initialized from binding specification; not individually proven DONE.
RC-0941,OPEN,,,YES,,Initialized from binding specification; not individually proven DONE.
RC-0942,OPEN,,,YES,,Initialized from binding specification; not individually proven DONE.
RC-0943,OPEN,,,YES,,Initialized from binding specification; not individually proven DONE.
RC-0944,OPEN,,,YES,,Initialized from binding specification; not individually proven DONE.
RC-0945,OPEN,,,YES,,Initialized from binding specification; not individually proven DONE.
RC-0946,OPEN,,,YES,,Initialized from binding specification; not individually proven DONE.
RC-0947,OPEN,,,YES,,Initialized from binding specification; not individually proven DONE.
RC-0948,OPEN,,,YES,,Initialized from binding specification; not individually proven DONE.
RC-0949,OPEN,,,YES,,Initialized from binding specification; not individually proven DONE.
RC-0950,OPEN,,,YES,,Initialized from binding specification; not individually proven DONE.
RC-0951,OPEN,,,YES,,Initialized from binding specification; not individually proven DONE.
RC-0952,OPEN,,,YES,,Initialized from binding specification; not individually proven DONE.
RC-0953,OPEN,,,YES,,Initialized from binding specification; not individually proven DONE.
RC-0954,OPEN,,,YES,,Initialized from binding specification; not individually proven DONE.
RC-0955,OPEN,,,YES,,Initialized from binding specification; not individually proven DONE.
RC-0956,OPEN,,,YES,,Initialized from binding specification; not individually proven DONE.
RC-0957,OPEN,,,YES,,Initialized from binding specification; not individually proven DONE.
RC-0958,OPEN,,,YES,,Initialized from binding specification; not individually proven DONE.
RC-0959,OPEN,,,YES,,Initialized from binding specification; not individually proven DONE.
RC-0960,OPEN,,,YES,,Initialized from binding specification; not individually proven DONE.
RC-0961,OPEN,,,YES,,Initialized from binding specification; not individually proven DONE.
RC-0962,OPEN,,,YES,,Initialized from binding specification; not individually proven DONE.
RC-0963,OPEN,,,YES,,Initialized from binding specification; not individually proven DONE.
RC-0964,OPEN,,,YES,,Initialized from binding specification; not individually proven DONE.
RC-0965,OPEN,,,YES,,Initialized from binding specification; not individually proven DONE.
RC-0966,OPEN,,,YES,,Initialized from binding specification; not individually proven DONE.
RC-0967,OPEN,,,YES,,Initialized from binding specification; not individually proven DONE.
RC-0968,OPEN,,,YES,,Initialized from binding specification; not individually proven DONE.
RC-0969,OPEN,,,YES,,Initialized from binding specification; not individually proven DONE.
RC-0970,OPEN,,,YES,,Initialized from binding specification; not individually proven DONE.
RC-0971,OPEN,,,YES,,Initialized from binding specification; not individually proven DONE.
RC-0972,OPEN,,,YES,,Initialized from binding specification; not individually proven DONE.
RC-0973,OPEN,,,YES,,Initialized from binding specification; not individually proven DONE.
RC-0974,OPEN,,,YES,,Initialized from binding specification; not individually proven DONE.
RC-0975,OPEN,,,YES,,Initialized from binding specification; not individually proven DONE.
RC-0976,OPEN,,,YES,,Initialized from binding specification; not individually proven DONE.
RC-0977,OPEN,,,YES,,Initialized from binding specification; not individually proven DONE.
RC-0978,OPEN,,,YES,,Initialized from binding specification; not individually proven DONE.
RC-0979,OPEN,,,YES,,Initialized from binding specification; not individually proven DONE.
RC-0980,OPEN,,,YES,,Initialized from binding specification; not individually proven DONE.
RC-0981,OPEN,,,YES,,Initialized from binding specification; not individually proven DONE.
RC-0982,OPEN,,,YES,,Initialized from binding specification; not individually proven DONE.
RC-0983,OPEN,,,YES,,Initialized from binding specification; not individually proven DONE.
RC-0984,OPEN,,,YES,,Initialized from binding specification; not individually proven DONE.
RC-0985,OPEN,,,YES,,Initialized from binding specification; not individually proven DONE.
RC-0986,OPEN,,,YES,,Initialized from binding specification; not individually proven DONE.
RC-0987,OPEN,,,YES,,Initialized from binding specification; not individually proven DONE.
RC-0988,OPEN,,,YES,,Initialized from binding specification; not individually proven DONE.
RC-0989,OPEN,,,YES,,Initialized from binding specification; not individually proven DONE.
RC-0990,OPEN,,,YES,,Initialized from binding specification; not individually proven DONE.
RC-0991,OPEN,,,YES,,Initialized from binding specification; not individually proven DONE.
RC-0992,OPEN,,,YES,,Initialized from binding specification; not individually proven DONE.
RC-0993,OPEN,,,YES,,Initialized from binding specification; not individually proven DONE.
RC-0994,OPEN,,,YES,,Initialized from binding specification; not individually proven DONE.
RC-0995,OPEN,,,YES,,Initialized from binding specification; not individually proven DONE.
RC-0996,OPEN,,,YES,,Initialized from binding specification; not individually proven DONE.
RC-0997,OPEN,,,YES,,Initialized from binding specification; not individually proven DONE.
RC-0998,OPEN,,,YES,,Initialized from binding specification; not individually proven DONE.
RC-0999,OPEN,,,YES,,Initialized from binding specification; not individually proven DONE.
RC-1000,OPEN,,,YES,,Initialized from binding specification; not individually proven DONE.
RC-1001,OPEN,,,YES,,Initialized from binding specification; not individually proven DONE.
RC-1002,OPEN,,,YES,,Initialized from binding specification; not individually proven DONE.
RC-1003,OPEN,,,YES,,Initialized from binding specification; not individually proven DONE.
RC-1004,OPEN,,,YES,,Initialized from binding specification; not individually proven DONE.
RC-1005,OPEN,,,YES,,Initialized from binding specification; not individually proven DONE.
RC-1006,OPEN,,,YES,,Initialized from binding specification; not individually proven DONE.
RC-1007,OPEN,,,YES,,Initialized from binding specification; not individually proven DONE.
RC-1008,OPEN,,,YES,,Initialized from binding specification; not individually proven DONE.
RC-1009,OPEN,,,YES,,Initialized from binding specification; not individually proven DONE.
RC-1010,OPEN,,,YES,,Initialized from binding specification; not individually proven DONE.
RC-1011,OPEN,,,YES,,Initialized from binding specification; not individually proven DONE.
RC-1012,OPEN,,,YES,,Initialized from binding specification; not individually proven DONE.
RC-1013,OPEN,,,YES,,Initialized from binding specification; not individually proven DONE.
RC-1014,OPEN,,,YES,,Initialized from binding specification; not individually proven DONE.
RC-1015,OPEN,,,YES,,Initialized from binding specification; not individually proven DONE.
RC-1016,OPEN,,,YES,,Initialized from binding specification; not individually proven DONE.
RC-1017,OPEN,,,YES,,Initialized from binding specification; not individually proven DONE.
RC-1018,OPEN,,,YES,,Initialized from binding specification; not individually proven DONE.
RC-1019,OPEN,,,YES,,Initialized from binding specification; not individually proven DONE.
RC-1020,OPEN,,,YES,,Initialized from binding specification; not individually proven DONE.
RC-1021,OPEN,,,YES,,Initialized from binding specification; not individually proven DONE.
RC-1022,OPEN,,,YES,,Initialized from binding specification; not individually proven DONE.
RC-1023,OPEN,,,YES,,Initialized from binding specification; not individually proven DONE.
RC-1024,OPEN,,,YES,,Initialized from binding specification; not individually proven DONE.
RC-1025,OPEN,,,YES,,Initialized from binding specification; not individually proven DONE.
RC-1026,OPEN,,,YES,,Initialized from binding specification; not individually proven DONE.
RC-1027,OPEN,,,YES,,Initialized from binding specification; not individually proven DONE.
RC-1028,OPEN,,,YES,,Initialized from binding specification; not individually proven DONE.
RC-1029,OPEN,,,YES,,Initialized from binding specification; not individually proven DONE.
RC-1030,OPEN,,,YES,,Initialized from binding specification; not individually proven DONE.
RC-1031,OPEN,,,YES,,Initialized from binding specification; not individually proven DONE.
RC-1032,OPEN,,,YES,,Initialized from binding specification; not individually proven DONE.
RC-1033,OPEN,,,YES,,Initialized from binding specification; not individually proven DONE.
RC-1034,OPEN,,,YES,,Initialized from binding specification; not individually proven DONE.
RC-1035,OPEN,,,YES,,Initialized from binding specification; not individually proven DONE.
RC-1036,OPEN,,,YES,,Initialized from binding specification; not individually proven DONE.
RC-1037,OPEN,,,YES,,Initialized from binding specification; not individually proven DONE.
RC-1038,OPEN,,,YES,,Initialized from binding specification; not individually proven DONE.
RC-1039,OPEN,,,YES,,Initialized from binding specification; not individually proven DONE.
RC-1040,OPEN,,,YES,,Initialized from binding specification; not individually proven DONE.
RC-1041,OPEN,,,YES,,Initialized from binding specification; not individually proven DONE.
RC-1042,OPEN,,,YES,,Initialized from binding specification; not individually proven DONE.
RC-1043,OPEN,,,YES,,Initialized from binding specification; not individually proven DONE.
RC-1044,OPEN,,,YES,,Initialized from binding specification; not individually proven DONE.
RC-1045,OPEN,,,YES,,Initialized from binding specification; not individually proven DONE.
RC-1046,OPEN,,,YES,,Initialized from binding specification; not individually proven DONE.
RC-1047,OPEN,,,YES,,Initialized from binding specification; not individually proven DONE.
RC-1048,OPEN,,,YES,,Initialized from binding specification; not individually proven DONE.
RC-1049,OPEN,,,YES,,Initialized from binding specification; not individually proven DONE.
RC-1050,OPEN,,,YES,,Initialized from binding specification; not individually proven DONE.
RC-1051,OPEN,,,YES,,Initialized from binding specification; not individually proven DONE.
RC-1052,OPEN,,,YES,,Initialized from binding specification; not individually proven DONE.
RC-1053,OPEN,,,YES,,Initialized from binding specification; not individually proven DONE.
RC-1054,OPEN,,,YES,,Initialized from binding specification; not individually proven DONE.
RC-1055,OPEN,,,YES,,Initialized from binding specification; not individually proven DONE.
RC-1056,OPEN,,,YES,,Initialized from binding specification; not individually proven DONE.
RC-1057,OPEN,,,YES,,Initialized from binding specification; not individually proven DONE.
RC-1058,OPEN,,,YES,,Initialized from binding specification; not individually proven DONE.
RC-1059,OPEN,,,YES,,Initialized from binding specification; not individually proven DONE.
RC-1060,OPEN,,,YES,,Initialized from binding specification; not individually proven DONE.
RC-1061,OPEN,,,YES,,Initialized from binding specification; not individually proven DONE.
RC-1062,OPEN,,,YES,,Initialized from binding specification; not individually proven DONE.
RC-1063,OPEN,,,YES,,Initialized from binding specification; not individually proven DONE.
RC-1064,OPEN,,,YES,,Initialized from binding specification; not individually proven DONE.
RC-1065,OPEN,,,YES,,Initialized from binding specification; not individually proven DONE.
RC-1066,OPEN,,,YES,,Initialized from binding specification; not individually proven DONE.
RC-1067,OPEN,,,YES,,Initialized from binding specification; not individually proven DONE.
RC-1068,OPEN,,,YES,,Initialized from binding specification; not individually proven DONE.
RC-1069,OPEN,,,YES,,Initialized from binding specification; not individually proven DONE.
RC-1070,OPEN,,,YES,,Initialized from binding specification; not individually proven DONE.
RC-1071,OPEN,,,YES,,Initialized from binding specification; not individually proven DONE.
RC-1072,OPEN,,,YES,,Initialized from binding specification; not individually proven DONE.
RC-1073,OPEN,,,YES,,Initialized from binding specification; not individually proven DONE.
RC-1074,OPEN,,,YES,,Initialized from binding specification; not individually proven DONE.
RC-1075,OPEN,,,YES,,Initialized from binding specification; not individually proven DONE.
RC-1076,OPEN,,,YES,,Initialized from binding specification; not individually proven DONE.
RC-1077,OPEN,,,YES,,Initialized from binding specification; not individually proven DONE.
RC-1078,OPEN,,,YES,,Initialized from binding specification; not individually proven DONE.
RC-1079,OPEN,,,YES,,Initialized from binding specification; not individually proven DONE.
RC-1080,OPEN,,,YES,,Initialized from binding specification; not individually proven DONE.
RC-1081,OPEN,,,YES,,Initialized from binding specification; not individually proven DONE.
RC-1082,OPEN,,,YES,,Initialized from binding specification; not individually proven DONE.
RC-1083,OPEN,,,YES,,Initialized from binding specification; not individually proven DONE.
RC-1084,OPEN,,,YES,,Initialized from binding specification; not individually proven DONE.
RC-1085,OPEN,,,YES,,Initialized from binding specification; not individually proven DONE.
RC-1086,OPEN,,,YES,,Initialized from binding specification; not individually proven DONE.
RC-1087,OPEN,,,YES,,Initialized from binding specification; not individually proven DONE.
RC-1088,OPEN,,,YES,,Initialized from binding specification; not individually proven DONE.
RC-1089,OPEN,,,YES,,Initialized from binding specification; not individually proven DONE.
RC-1090,OPEN,,,YES,,Initialized from binding specification; not individually proven DONE.
RC-1091,OPEN,,,YES,,Initialized from binding specification; not individually proven DONE.
RC-1092,OPEN,,,YES,,Initialized from binding specification; not individually proven DONE.
RC-1093,OPEN,,,YES,,Initialized from binding specification; not individually proven DONE.
RC-1094,OPEN,,,YES,,Initialized from binding specification; not individually proven DONE.
RC-1095,OPEN,,,YES,,Initialized from binding specification; not individually proven DONE.
RC-1096,OPEN,,,YES,,Initialized from binding specification; not individually proven DONE.
RC-1097,OPEN,,,YES,,Initialized from binding specification; not individually proven DONE.
RC-1098,OPEN,,,YES,,Initialized from binding specification; not individually proven DONE.
RC-1099,OPEN,,,YES,,Initialized from binding specification; not individually proven DONE.
RC-1100,OPEN,,,YES,,Initialized from binding specification; not individually proven DONE.
RC-1101,OPEN,,,YES,,Initialized from binding specification; not individually proven DONE.
RC-1102,OPEN,,,YES,,Initialized from binding specification; not individually proven DONE.
RC-1103,OPEN,,,YES,,Initialized from binding specification; not individually proven DONE.
RC-1104,OPEN,,,YES,,Initialized from binding specification; not individually proven DONE.
RC-1105,OPEN,,,YES,,Initialized from binding specification; not individually proven DONE.
RC-1106,OPEN,,,YES,,Initialized from binding specification; not individually proven DONE.
RC-1107,OPEN,,,YES,,Initialized from binding specification; not individually proven DONE.
RC-1108,OPEN,,,YES,,Initialized from binding specification; not individually proven DONE.
RC-1109,OPEN,,,YES,,Initialized from binding specification; not individually proven DONE.
RC-1110,OPEN,,,YES,,Initialized from binding specification; not individually proven DONE.
RC-1111,OPEN,,,YES,,Initialized from binding specification; not individually proven DONE.
RC-1112,OPEN,,,YES,,Initialized from binding specification; not individually proven DONE.
RC-1113,OPEN,,,YES,,Initialized from binding specification; not individually proven DONE.
RC-1114,OPEN,,,YES,,Initialized from binding specification; not individually proven DONE.
RC-1115,OPEN,,,YES,,Initialized from binding specification; not individually proven DONE.
RC-1116,OPEN,,,YES,,Initialized from binding specification; not individually proven DONE.
RC-1117,OPEN,,,YES,,Initialized from binding specification; not individually proven DONE.
RC-1118,OPEN,,,YES,,Initialized from binding specification; not individually proven DONE.
RC-1119,OPEN,,,YES,,Initialized from binding specification; not individually proven DONE.
RC-1120,OPEN,,,YES,,Initialized from binding specification; not individually proven DONE.
RC-1121,OPEN,,,YES,,Initialized from binding specification; not individually proven DONE.
RC-1122,OPEN,,,YES,,Initialized from binding specification; not individually proven DONE.
RC-1123,OPEN,,,YES,,Initialized from binding specification; not individually proven DONE.
RC-1124,OPEN,,,YES,,Initialized from binding specification; not individually proven DONE.
RC-1125,OPEN,,,YES,,Initialized from binding specification; not individually proven DONE.
RC-1126,OPEN,,,YES,,Initialized from binding specification; not individually proven DONE.
RC-1127,OPEN,,,YES,,Initialized from binding specification; not individually proven DONE.
RC-1128,OPEN,,,YES,,Initialized from binding specification; not individually proven DONE.
RC-1129,OPEN,,,YES,,Initialized from binding specification; not individually proven DONE.
RC-1130,OPEN,,,YES,,Initialized from binding specification; not individually proven DONE.
RC-1131,OPEN,,,YES,,Initialized from binding specification; not individually proven DONE.
RC-1132,OPEN,,,YES,,Initialized from binding specification; not individually proven DONE.
RC-1133,OPEN,,,YES,,Initialized from binding specification; not individually proven DONE.
RC-1134,OPEN,,,YES,,Initialized from binding specification; not individually proven DONE.
RC-1135,OPEN,,,YES,,Initialized from binding specification; not individually proven DONE.
RC-1136,OPEN,,,YES,,Initialized from binding specification; not individually proven DONE.
RC-1137,OPEN,,,YES,,Initialized from binding specification; not individually proven DONE.
RC-1138,OPEN,,,YES,,Initialized from binding specification; not individually proven DONE.
RC-1139,OPEN,,,YES,,Initialized from binding specification; not individually proven DONE.
RC-1140,OPEN,,,YES,,Initialized from binding specification; not individually proven DONE.
RC-1141,OPEN,,,YES,,Initialized from binding specification; not individually proven DONE.
RC-1142,OPEN,,,YES,,Initialized from binding specification; not individually proven DONE.
RC-1143,OPEN,,,YES,,Initialized from binding specification; not individually proven DONE.
RC-1144,OPEN,,,YES,,Initialized from binding specification; not individually proven DONE.
RC-1145,OPEN,,,YES,,Initialized from binding specification; not individually proven DONE.
RC-1146,OPEN,,,YES,,Initialized from binding specification; not individually proven DONE.
RC-1147,OPEN,,,YES,,Initialized from binding specification; not individually proven DONE.
RC-1148,OPEN,,,YES,,Initialized from binding specification; not individually proven DONE.
RC-1149,OPEN,,,YES,,Initialized from binding specification; not individually proven DONE.
RC-1150,OPEN,,,YES,,Initialized from binding specification; not individually proven DONE.
RC-1151,OPEN,,,YES,,Initialized from binding specification; not individually proven DONE.
RC-1152,OPEN,,,YES,,Initialized from binding specification; not individually proven DONE.
RC-1153,OPEN,,,YES,,Initialized from binding specification; not individually proven DONE.
RC-1154,OPEN,,,YES,,Initialized from binding specification; not individually proven DONE.
RC-1155,OPEN,,,YES,,Initialized from binding specification; not individually proven DONE.
RC-1156,OPEN,,,YES,,Initialized from binding specification; not individually proven DONE.
RC-1157,OPEN,,,YES,,Initialized from binding specification; not individually proven DONE.
RC-1158,OPEN,,,YES,,Initialized from binding specification; not individually proven DONE.
RC-1159,OPEN,,,YES,,Initialized from binding specification; not individually proven DONE.
RC-1160,OPEN,,,YES,,Initialized from binding specification; not individually proven DONE.
RC-1161,OPEN,,,YES,,Initialized from binding specification; not individually proven DONE.
RC-1162,OPEN,,,YES,,Initialized from binding specification; not individually proven DONE.
RC-1163,OPEN,,,YES,,Initialized from binding specification; not individually proven DONE.
RC-1164,OPEN,,,YES,,Initialized from binding specification; not individually proven DONE.
RC-1165,OPEN,,,YES,,Initialized from binding specification; not individually proven DONE.
RC-1166,OPEN,,,YES,,Initialized from binding specification; not individually proven DONE.
RC-1167,OPEN,,,YES,,Initialized from binding specification; not individually proven DONE.
RC-1168,OPEN,,,YES,,Initialized from binding specification; not individually proven DONE.
RC-1169,OPEN,,,YES,,Initialized from binding specification; not individually proven DONE.
RC-1170,OPEN,,,YES,,Initialized from binding specification; not individually proven DONE.
RC-1171,OPEN,,,YES,,Initialized from binding specification; not individually proven DONE.
RC-1172,OPEN,,,YES,,Initialized from binding specification; not individually proven DONE.
RC-1173,OPEN,,,YES,,Initialized from binding specification; not individually proven DONE.
RC-1174,OPEN,,,YES,,Initialized from binding specification; not individually proven DONE.
RC-1175,OPEN,,,YES,,Initialized from binding specification; not individually proven DONE.
RC-1176,OPEN,,,YES,,Initialized from binding specification; not individually proven DONE.
RC-1177,OPEN,,,YES,,Initialized from binding specification; not individually proven DONE.
RC-1178,OPEN,,,YES,,Initialized from binding specification; not individually proven DONE.
RC-1179,OPEN,,,YES,,Initialized from binding specification; not individually proven DONE.
RC-1180,OPEN,,,YES,,Initialized from binding specification; not individually proven DONE.
RC-1181,OPEN,,,YES,,Initialized from binding specification; not individually proven DONE.
RC-1182,OPEN,,,YES,,Initialized from binding specification; not individually proven DONE.
RC-1183,OPEN,,,YES,,Initialized from binding specification; not individually proven DONE.
RC-1184,OPEN,,,YES,,Initialized from binding specification; not individually proven DONE.
RC-1185,OPEN,,,YES,,Initialized from binding specification; not individually proven DONE.
RC-1186,OPEN,,,YES,,Initialized from binding specification; not individually proven DONE.
RC-1187,OPEN,,,YES,,Initialized from binding specification; not individually proven DONE.
RC-1188,OPEN,,,YES,,Initialized from binding specification; not individually proven DONE.
RC-1189,OPEN,,,YES,,Initialized from binding specification; not individually proven DONE.
RC-1190,OPEN,,,YES,,Initialized from binding specification; not individually proven DONE.
RC-1191,OPEN,,,YES,,Initialized from binding specification; not individually proven DONE.
RC-1192,OPEN,,,YES,,Initialized from binding specification; not individually proven DONE.
RC-1193,OPEN,,,YES,,Initialized from binding specification; not individually proven DONE.
RC-1194,OPEN,,,YES,,Initialized from binding specification; not individually proven DONE.
RC-1195,OPEN,,,YES,,Initialized from binding specification; not individually proven DONE.
RC-1196,OPEN,,,YES,,Initialized from binding specification; not individually proven DONE.
RC-1197,OPEN,,,YES,,Initialized from binding specification; not individually proven DONE.
RC-1198,OPEN,,,YES,,Initialized from binding specification; not individually proven DONE.
RC-1199,OPEN,,,YES,,Initialized from binding specification; not individually proven DONE.
RC-1200,OPEN,,,YES,,Initialized from binding specification; not individually proven DONE.
RC-1201,OPEN,,,YES,,Initialized from binding specification; not individually proven DONE.
RC-1202,OPEN,,,YES,,Initialized from binding specification; not individually proven DONE.
RC-1203,OPEN,,,YES,,Initialized from binding specification; not individually proven DONE.
RC-1204,OPEN,,,YES,,Initialized from binding specification; not individually proven DONE.
RC-1205,OPEN,,,YES,,Initialized from binding specification; not individually proven DONE.
RC-1206,OPEN,,,YES,,Initialized from binding specification; not individually proven DONE.
RC-1207,OPEN,,,YES,,Initialized from binding specification; not individually proven DONE.
RC-1208,OPEN,,,YES,,Initialized from binding specification; not individually proven DONE.
RC-1209,OPEN,,,YES,,Initialized from binding specification; not individually proven DONE.
RC-1210,OPEN,,,YES,,Initialized from binding specification; not individually proven DONE.
RC-1211,OPEN,,,YES,,Initialized from binding specification; not individually proven DONE.
RC-1212,OPEN,,,YES,,Initialized from binding specification; not individually proven DONE.
RC-1213,OPEN,,,YES,,Initialized from binding specification; not individually proven DONE.
RC-1214,OPEN,,,YES,,Initialized from binding specification; not individually proven DONE.
RC-1215,OPEN,,,YES,,Initialized from binding specification; not individually proven DONE.
RC-1216,OPEN,,,YES,,Initialized from binding specification; not individually proven DONE.
RC-1217,OPEN,,,YES,,Initialized from binding specification; not individually proven DONE.
RC-1218,OPEN,,,YES,,Initialized from binding specification; not individually proven DONE.
RC-1219,OPEN,,,YES,,Initialized from binding specification; not individually proven DONE.
RC-1220,OPEN,,,YES,,Initialized from binding specification; not individually proven DONE.
RC-1221,OPEN,,,YES,,Initialized from binding specification; not individually proven DONE.
RC-1222,OPEN,,,YES,,Initialized from binding specification; not individually proven DONE.
RC-1223,OPEN,,,YES,,Initialized from binding specification; not individually proven DONE.
RC-1224,OPEN,,,YES,,Initialized from binding specification; not individually proven DONE.
RC-1225,OPEN,,,YES,,Initialized from binding specification; not individually proven DONE.
RC-1226,OPEN,,,YES,,Initialized from binding specification; not individually proven DONE.
RC-1227,OPEN,,,YES,,Initialized from binding specification; not individually proven DONE.
RC-1228,OPEN,,,YES,,Initialized from binding specification; not individually proven DONE.
RC-1229,OPEN,,,YES,,Initialized from binding specification; not individually proven DONE.
RC-1230,OPEN,,,YES,,Initialized from binding specification; not individually proven DONE.
RC-1231,OPEN,,,YES,,Initialized from binding specification; not individually proven DONE.
RC-1232,OPEN,,,YES,,Initialized from binding specification; not individually proven DONE.
RC-1233,OPEN,,,YES,,Initialized from binding specification; not individually proven DONE.
RC-1234,OPEN,,,YES,,Initialized from binding specification; not individually proven DONE.
RC-1235,OPEN,,,YES,,Initialized from binding specification; not individually proven DONE.
RC-1236,OPEN,,,YES,,Initialized from binding specification; not individually proven DONE.
RC-1237,OPEN,,,YES,,Initialized from binding specification; not individually proven DONE.
RC-1238,OPEN,,,YES,,Initialized from binding specification; not individually proven DONE.
RC-1239,OPEN,,,YES,,Initialized from binding specification; not individually proven DONE.
RC-1240,OPEN,,,YES,,Initialized from binding specification; not individually proven DONE.
RC-1241,OPEN,,,YES,,Initialized from binding specification; not individually proven DONE.
RC-1242,OPEN,,,YES,,Initialized from binding specification; not individually proven DONE.
RC-1243,OPEN,,,YES,,Initialized from binding specification; not individually proven DONE.
RC-1244,OPEN,,,YES,,Initialized from binding specification; not individually proven DONE.
RC-1245,OPEN,,,YES,,Initialized from binding specification; not individually proven DONE.
RC-1246,OPEN,,,YES,,Initialized from binding specification; not individually proven DONE.
RC-1247,OPEN,,,YES,,Initialized from binding specification; not individually proven DONE.
RC-1248,OPEN,,,YES,,Initialized from binding specification; not individually proven DONE.
RC-1249,OPEN,,,YES,,Initialized from binding specification; not individually proven DONE.
RC-1250,OPEN,,,YES,,Initialized from binding specification; not individually proven DONE.
RC-1251,OPEN,,,YES,,Initialized from binding specification; not individually proven DONE.
RC-1252,OPEN,,,YES,,Initialized from binding specification; not individually proven DONE.
RC-1253,OPEN,,,YES,,Initialized from binding specification; not individually proven DONE.
RC-1254,OPEN,,,YES,,Initialized from binding specification; not individually proven DONE.
RC-1255,OPEN,,,YES,,Initialized from binding specification; not individually proven DONE.
RC-1256,OPEN,,,YES,,Initialized from binding specification; not individually proven DONE.
RC-1257,OPEN,,,YES,,Initialized from binding specification; not individually proven DONE.
RC-1258,OPEN,,,YES,,Initialized from binding specification; not individually proven DONE.
RC-1259,OPEN,,,YES,,Initialized from binding specification; not individually proven DONE.
RC-1260,OPEN,,,YES,,Initialized from binding specification; not individually proven DONE.
RC-1261,OPEN,,,YES,,Initialized from binding specification; not individually proven DONE.
RC-1262,OPEN,,,YES,,Initialized from binding specification; not individually proven DONE.
RC-1263,OPEN,,,YES,,Initialized from binding specification; not individually proven DONE.
RC-1264,OPEN,,,YES,,Initialized from binding specification; not individually proven DONE.
RC-1265,OPEN,,,YES,,Initialized from binding specification; not individually proven DONE.
RC-1266,OPEN,,,YES,,Initialized from binding specification; not individually proven DONE.
RC-1267,OPEN,,,YES,,Initialized from binding specification; not individually proven DONE.
RC-1268,OPEN,,,YES,,Initialized from binding specification; not individually proven DONE.
RC-1269,OPEN,,,YES,,Initialized from binding specification; not individually proven DONE.
RC-1270,OPEN,,,YES,,Initialized from binding specification; not individually proven DONE.
RC-1271,OPEN,,,YES,,Initialized from binding specification; not individually proven DONE.
RC-1272,OPEN,,,YES,,Initialized from binding specification; not individually proven DONE.
RC-1273,OPEN,,,YES,,Initialized from binding specification; not individually proven DONE.
RC-1274,OPEN,,,YES,,Initialized from binding specification; not individually proven DONE.
RC-1275,OPEN,,,YES,,Initialized from binding specification; not individually proven DONE.
RC-1276,OPEN,,,YES,,Initialized from binding specification; not individually proven DONE.
RC-1277,OPEN,,,YES,,Initialized from binding specification; not individually proven DONE.
RC-1278,OPEN,,,YES,,Initialized from binding specification; not individually proven DONE.
RC-1279,OPEN,,,YES,,Initialized from binding specification; not individually proven DONE.
RC-1280,OPEN,,,YES,,Initialized from binding specification; not individually proven DONE.
RC-1281,OPEN,,,YES,,Initialized from binding specification; not individually proven DONE.
RC-1282,OPEN,,,YES,,Initialized from binding specification; not individually proven DONE.
RC-1283,OPEN,,,YES,,Initialized from binding specification; not individually proven DONE.
RC-1284,OPEN,,,YES,,Initialized from binding specification; not individually proven DONE.
RC-1285,OPEN,,,YES,,Initialized from binding specification; not individually proven DONE.
RC-1286,OPEN,,,YES,,Initialized from binding specification; not individually proven DONE.
RC-1287,OPEN,,,YES,,Initialized from binding specification; not individually proven DONE.
RC-1288,OPEN,,,YES,,Initialized from binding specification; not individually proven DONE.
RC-1289,OPEN,,,YES,,Initialized from binding specification; not individually proven DONE.
RC-1290,OPEN,,,YES,,Initialized from binding specification; not individually proven DONE.
RC-1291,OPEN,,,YES,,Initialized from binding specification; not individually proven DONE.
RC-1292,OPEN,,,YES,,Initialized from binding specification; not individually proven DONE.
RC-1293,OPEN,,,YES,,Initialized from binding specification; not individually proven DONE.
RC-1294,OPEN,,,YES,,Initialized from binding specification; not individually proven DONE.
RC-1295,OPEN,,,YES,,Initialized from binding specification; not individually proven DONE.
RC-1296,OPEN,,,YES,,Initialized from binding specification; not individually proven DONE.
RC-1297,OPEN,,,YES,,Initialized from binding specification; not individually proven DONE.
RC-1298,OPEN,,,YES,,Initialized from binding specification; not individually proven DONE.
RC-1299,OPEN,,,YES,,Initialized from binding specification; not individually proven DONE.
RC-1300,OPEN,,,YES,,Initialized from binding specification; not individually proven DONE.
RC-1301,OPEN,,,YES,,Initialized from binding specification; not individually proven DONE.
RC-1302,OPEN,,,YES,,Initialized from binding specification; not individually proven DONE.
RC-1303,OPEN,,,YES,,Initialized from binding specification; not individually proven DONE.
RC-1304,OPEN,,,YES,,Initialized from binding specification; not individually proven DONE.
RC-1305,OPEN,,,YES,,Initialized from binding specification; not individually proven DONE.
RC-1306,OPEN,,,YES,,Initialized from binding specification; not individually proven DONE.
RC-1307,OPEN,,,YES,,Initialized from binding specification; not individually proven DONE.
RC-1308,OPEN,,,YES,,Initialized from binding specification; not individually proven DONE.
RC-1309,OPEN,,,YES,,Initialized from binding specification; not individually proven DONE.
RC-1310,OPEN,,,YES,,Initialized from binding specification; not individually proven DONE.
RC-1311,OPEN,,,YES,,Initialized from binding specification; not individually proven DONE.
RC-1312,OPEN,,,YES,,Initialized from binding specification; not individually proven DONE.
RC-1313,OPEN,,,YES,,Initialized from binding specification; not individually proven DONE.
RC-1314,OPEN,,,YES,,Initialized from binding specification; not individually proven DONE.
RC-1315,OPEN,,,YES,,Initialized from binding specification; not individually proven DONE.
RC-1316,OPEN,,,YES,,Initialized from binding specification; not individually proven DONE.
RC-1317,OPEN,,,YES,,Initialized from binding specification; not individually proven DONE.
RC-1318,OPEN,,,YES,,Initialized from binding specification; not individually proven DONE.
RC-1319,OPEN,,,YES,,Initialized from binding specification; not individually proven DONE.
RC-1320,OPEN,,,YES,,Initialized from binding specification; not individually proven DONE.
RC-1321,OPEN,,,YES,,Initialized from binding specification; not individually proven DONE.
RC-1322,OPEN,,,YES,,Initialized from binding specification; not individually proven DONE.
RC-1323,OPEN,,,YES,,Initialized from binding specification; not individually proven DONE.
RC-1324,OPEN,,,YES,,Initialized from binding specification; not individually proven DONE.
RC-1325,OPEN,,,YES,,Initialized from binding specification; not individually proven DONE.
RC-1326,OPEN,,,YES,,Initialized from binding specification; not individually proven DONE.
RC-1327,OPEN,,,YES,,Initialized from binding specification; not individually proven DONE.
RC-1328,OPEN,,,YES,,Initialized from binding specification; not individually proven DONE.
RC-1329,OPEN,,,YES,,Initialized from binding specification; not individually proven DONE.
RC-1330,OPEN,,,YES,,Initialized from binding specification; not individually proven DONE.
RC-1331,OPEN,,,YES,,Initialized from binding specification; not individually proven DONE.
RC-1332,OPEN,,,YES,,Initialized from binding specification; not individually proven DONE.
RC-1333,OPEN,,,YES,,Initialized from binding specification; not individually proven DONE.
RC-1334,OPEN,,,YES,,Initialized from binding specification; not individually proven DONE.
RC-1335,OPEN,,,YES,,Initialized from binding specification; not individually proven DONE.
RC-1336,OPEN,,,YES,,Initialized from binding specification; not individually proven DONE.
RC-1337,OPEN,,,YES,,Initialized from binding specification; not individually proven DONE.
RC-1338,OPEN,,,YES,,Initialized from binding specification; not individually proven DONE.
RC-1339,OPEN,,,YES,,Initialized from binding specification; not individually proven DONE.
RC-1340,OPEN,,,YES,,Initialized from binding specification; not individually proven DONE.
RC-1341,OPEN,,,YES,,Initialized from binding specification; not individually proven DONE.
RC-1342,OPEN,,,YES,,Initialized from binding specification; not individually proven DONE.
RC-1343,OPEN,,,YES,,Initialized from binding specification; not individually proven DONE.
RC-1344,OPEN,,,YES,,Initialized from binding specification; not individually proven DONE.
RC-1345,OPEN,,,YES,,Initialized from binding specification; not individually proven DONE.
RC-1346,OPEN,,,YES,,Initialized from binding specification; not individually proven DONE.
RC-1347,OPEN,,,YES,,Initialized from binding specification; not individually proven DONE.
RC-1348,OPEN,,,YES,,Initialized from binding specification; not individually proven DONE.
RC-1349,OPEN,,,YES,,Initialized from binding specification; not individually proven DONE.
RC-1350,OPEN,,,YES,,Initialized from binding specification; not individually proven DONE.
RC-1351,OPEN,,,YES,,Initialized from binding specification; not individually proven DONE.
RC-1352,OPEN,,,YES,,Initialized from binding specification; not individually proven DONE.
RC-1353,OPEN,,,YES,,Initialized from binding specification; not individually proven DONE.
RC-1354,OPEN,,,YES,,Initialized from binding specification; not individually proven DONE.
RC-1355,OPEN,,,YES,,Initialized from binding specification; not individually proven DONE.
RC-1356,OPEN,,,YES,,Initialized from binding specification; not individually proven DONE.
RC-1357,OPEN,,,YES,,Initialized from binding specification; not individually proven DONE.
RC-1358,OPEN,,,YES,,Initialized from binding specification; not individually proven DONE.
RC-1359,OPEN,,,YES,,Initialized from binding specification; not individually proven DONE.
RC-1360,OPEN,,,YES,,Initialized from binding specification; not individually proven DONE.
RC-1361,OPEN,,,YES,,Initialized from binding specification; not individually proven DONE.
RC-1362,OPEN,,,YES,,Initialized from binding specification; not individually proven DONE.
RC-1363,OPEN,,,YES,,Initialized from binding specification; not individually proven DONE.
RC-1364,OPEN,,,YES,,Initialized from binding specification; not individually proven DONE.
RC-1365,OPEN,,,YES,,Initialized from binding specification; not individually proven DONE.
RC-1366,OPEN,,,YES,,Initialized from binding specification; not individually proven DONE.
RC-1367,OPEN,,,YES,,Initialized from binding specification; not individually proven DONE.
RC-1368,OPEN,,,YES,,Initialized from binding specification; not individually proven DONE.
RC-1369,OPEN,,,YES,,Initialized from binding specification; not individually proven DONE.
RC-1370,OPEN,,,YES,,Initialized from binding specification; not individually proven DONE.
RC-1371,OPEN,,,YES,,Initialized from binding specification; not individually proven DONE.
RC-1372,OPEN,,,YES,,Initialized from binding specification; not individually proven DONE.
RC-1373,OPEN,,,YES,,Initialized from binding specification; not individually proven DONE.
RC-1374,OPEN,,,YES,,Initialized from binding specification; not individually proven DONE.
RC-1375,OPEN,,,YES,,Initialized from binding specification; not individually proven DONE.
RC-1376,OPEN,,,YES,,Initialized from binding specification; not individually proven DONE.
RC-1377,OPEN,,,YES,,Initialized from binding specification; not individually proven DONE.
RC-1378,OPEN,,,YES,,Initialized from binding specification; not individually proven DONE.
RC-1379,OPEN,,,YES,,Initialized from binding specification; not individually proven DONE.
RC-1380,OPEN,,,YES,,Initialized from binding specification; not individually proven DONE.
RC-1381,OPEN,,,YES,,Initialized from binding specification; not individually proven DONE.
RC-1382,OPEN,,,YES,,Initialized from binding specification; not individually proven DONE.
RC-1383,OPEN,,,YES,,Initialized from binding specification; not individually proven DONE.
RC-1384,OPEN,,,YES,,Initialized from binding specification; not individually proven DONE.
RC-1385,OPEN,,,YES,,Initialized from binding specification; not individually proven DONE.
RC-1386,OPEN,,,YES,,Initialized from binding specification; not individually proven DONE.
RC-1387,OPEN,,,YES,,Initialized from binding specification; not individually proven DONE.
RC-1388,OPEN,,,YES,,Initialized from binding specification; not individually proven DONE.
RC-1389,OPEN,,,YES,,Initialized from binding specification; not individually proven DONE.
RC-1390,OPEN,,,YES,,Initialized from binding specification; not individually proven DONE.
RC-1391,OPEN,,,YES,,Initialized from binding specification; not individually proven DONE.
RC-1392,OPEN,,,YES,,Initialized from binding specification; not individually proven DONE.
RC-1393,OPEN,,,YES,,Initialized from binding specification; not individually proven DONE.
RC-1394,OPEN,,,YES,,Initialized from binding specification; not individually proven DONE.
RC-1395,OPEN,,,YES,,Initialized from binding specification; not individually proven DONE.
RC-1396,OPEN,,,YES,,Initialized from binding specification; not individually proven DONE.
RC-1397,OPEN,,,YES,,Initialized from binding specification; not individually proven DONE.
RC-1398,OPEN,,,YES,,Initialized from binding specification; not individually proven DONE.
RC-1399,OPEN,,,YES,,Initialized from binding specification; not individually proven DONE.
RC-1400,OPEN,,,YES,,Initialized from binding specification; not individually proven DONE.
RC-1401,OPEN,,,YES,,Initialized from binding specification; not individually proven DONE.
RC-1402,OPEN,,,YES,,Initialized from binding specification; not individually proven DONE.
RC-1403,OPEN,,,YES,,Initialized from binding specification; not individually proven DONE.
RC-1404,OPEN,,,YES,,Initialized from binding specification; not individually proven DONE.
RC-1405,OPEN,,,YES,,Initialized from binding specification; not individually proven DONE.
RC-1406,OPEN,,,YES,,Initialized from binding specification; not individually proven DONE.
RC-1407,OPEN,,,YES,,Initialized from binding specification; not individually proven DONE.
RC-1408,OPEN,,,YES,,Initialized from binding specification; not individually proven DONE.
RC-1409,OPEN,,,YES,,Initialized from binding specification; not individually proven DONE.
RC-1410,OPEN,,,YES,,Initialized from binding specification; not individually proven DONE.
RC-1411,OPEN,,,YES,,Initialized from binding specification; not individually proven DONE.
RC-1412,OPEN,,,YES,,Initialized from binding specification; not individually proven DONE.
RC-1413,OPEN,,,YES,,Initialized from binding specification; not individually proven DONE.
RC-1414,OPEN,,,YES,,Initialized from binding specification; not individually proven DONE.
RC-1415,OPEN,,,YES,,Initialized from binding specification; not individually proven DONE.
RC-1416,OPEN,,,YES,,Initialized from binding specification; not individually proven DONE.
RC-1417,OPEN,,,YES,,Initialized from binding specification; not individually proven DONE.
RC-1418,OPEN,,,YES,,Initialized from binding specification; not individually proven DONE.
RC-1419,OPEN,,,YES,,Initialized from binding specification; not individually proven DONE.
RC-1420,OPEN,,,YES,,Initialized from binding specification; not individually proven DONE.
RC-1421,OPEN,,,YES,,Initialized from binding specification; not individually proven DONE.
RC-1422,OPEN,,,YES,,Initialized from binding specification; not individually proven DONE.
RC-1423,OPEN,,,YES,,Initialized from binding specification; not individually proven DONE.
RC-1424,OPEN,,,YES,,Initialized from binding specification; not individually proven DONE.
RC-1425,OPEN,,,YES,,Initialized from binding specification; not individually proven DONE.
RC-1426,OPEN,,,YES,,Initialized from binding specification; not individually proven DONE.
RC-1427,OPEN,,,YES,,Initialized from binding specification; not individually proven DONE.
RC-1428,OPEN,,,YES,,Initialized from binding specification; not individually proven DONE.
RC-1429,OPEN,,,YES,,Initialized from binding specification; not individually proven DONE.
RC-1430,OPEN,,,YES,,Initialized from binding specification; not individually proven DONE.
RC-1431,OPEN,,,YES,,Initialized from binding specification; not individually proven DONE.
RC-1432,OPEN,,,YES,,Initialized from binding specification; not individually proven DONE.
RC-1433,OPEN,,,YES,,Initialized from binding specification; not individually proven DONE.
RC-1434,OPEN,,,YES,,Initialized from binding specification; not individually proven DONE.
RC-1435,OPEN,,,YES,,Initialized from binding specification; not individually proven DONE.
RC-1436,OPEN,,,YES,,Initialized from binding specification; not individually proven DONE.
RC-1437,OPEN,,,YES,,Initialized from binding specification; not individually proven DONE.
RC-1438,OPEN,,,YES,,Initialized from binding specification; not individually proven DONE.
RC-1439,OPEN,,,YES,,Initialized from binding specification; not individually proven DONE.
RC-1440,OPEN,,,YES,,Initialized from binding specification; not individually proven DONE.
RC-1441,OPEN,,,YES,,Initialized from binding specification; not individually proven DONE.
RC-1442,OPEN,,,YES,,Initialized from binding specification; not individually proven DONE.
